hour_ts,cloud_cover,sunshine_duration,temperature_2m,is_day,generation_kwh
2026-02-02 00:00:00+08,100.0,0.0,24.450000762939453,0,0.0
2026-02-02 01:00:00+08,100.0,0.0,24.299999237060547,0,0.0
2026-02-02 02:00:00+08,99.0,0.0,23.649999618530277,0,0.0
2026-02-02 03:00:00+08,91.0,0.0,23.700000762939453,0,0.0
2026-02-02 04:00:00+08,48.0,0.0,23.850000381469727,0,0.0
2026-02-02 05:00:00+08,100.0,0.0,23.899999618530277,0,0.0
2026-02-02 06:00:00+08,91.0,0.0,24.049999237060547,0,0.0711666666666666
2026-02-02 07:00:00+08,87.0,497.9207458496094,24.350000381469727,1,0.5728333333333333
2026-02-02 08:00:00+08,90.0,3600.0,25.799999237060547,1,2.1691666666666665
2026-02-02 09:00:00+08,71.0,3600.0,26.350000381469727,1,3.997583333333333
2026-02-02 10:00:00+08,72.0,3600.0,27.100000381469727,1,4.382583333333333
2026-02-02 11:00:00+08,62.0,3600.0,28.200000762939453,1,3.872833333333333
2026-02-02 12:00:00+08,80.0,3600.0,28.25,1,2.400166666666667
2026-02-02 13:00:00+08,75.0,3600.0,28.399999618530277,1,2.28425
2026-02-02 14:00:00+08,99.0,3600.0,28.200000762939453,1,1.3691666666666666
2026-02-02 15:00:00+08,95.0,3600.0,27.549999237060547,1,1.40825
2026-02-02 16:00:00+08,94.0,3600.0,27.25,1,1.21225
2026-02-02 17:00:00+08,95.0,3600.0,26.399999618530277,1,0.2415833333333333
2026-02-02 18:00:00+08,98.0,3098.8203125,25.450000762939453,0,0.0
2026-02-02 19:00:00+08,100.0,0.0,24.799999237060547,0,0.0
2026-02-02 20:00:00+08,83.0,0.0,24.75,0,0.0
2026-02-02 21:00:00+08,83.0,0.0,24.450000762939453,0,0.0
2026-02-02 22:00:00+08,84.0,0.0,24.399999618530277,0,0.0
2026-02-02 23:00:00+08,57.0,0.0,24.299999237060547,0,0.0
2026-02-03 00:00:00+08,100.0,0.0,24.25,0,0.0
2026-02-03 01:00:00+08,89.0,0.0,24.25,0,0.0
2026-02-03 02:00:00+08,21.0,0.0,24.0,0,0.0
2026-02-03 03:00:00+08,7.0,0.0,23.850000381469727,0,0.0
2026-02-03 04:00:00+08,4.0,0.0,23.700000762939453,0,0.0
2026-02-03 05:00:00+08,6.0,0.0,23.799999237060547,0,0.0
2026-02-03 06:00:00+08,37.0,0.0,23.799999237060547,0,0.0463333333333333
2026-02-03 07:00:00+08,80.0,1235.547119140625,24.100000381469727,1,0.4624166666666666
2026-02-03 08:00:00+08,36.0,3600.0,25.25,1,2.2881666666666667
2026-02-03 09:00:00+08,18.0,3600.0,26.149999618530277,1,3.748583333333333
2026-02-03 10:00:00+08,20.0,3600.0,26.700000762939453,1,4.553
2026-02-03 11:00:00+08,13.0,3600.0,27.600000381469727,1,4.956333333333333
2026-02-03 12:00:00+08,7.0,3600.0,27.950000762939453,1,4.914666666666666
2026-02-03 13:00:00+08,18.0,3600.0,28.799999237060547,1,1.5339166666666666
2026-02-03 14:00:00+08,41.0,3600.0,27.850000381469727,1,1.3228333333333333
2026-02-03 15:00:00+08,92.0,3600.0,28.0,1,1.1799166666666667
2026-02-03 16:00:00+08,100.0,3600.0,27.399999618530277,1,1.2215
2026-02-03 17:00:00+08,59.0,3600.0,26.75,1,0.2297499999999999
2026-02-03 18:00:00+08,8.0,3125.335205078125,25.75,0,0.0
2026-02-03 19:00:00+08,2.0,0.0,25.049999237060547,0,0.0
2026-02-03 20:00:00+08,0.0,0.0,24.850000381469727,0,0.0
2026-02-03 21:00:00+08,3.0,0.0,24.799999237060547,0,0.0
2026-02-03 22:00:00+08,1.0,0.0,24.5,0,0.0
2026-02-03 23:00:00+08,1.0,0.0,23.799999237060547,0,0.0
2026-02-04 00:00:00+08,8.0,0.0,23.600000381469727,0,0.0
2026-02-04 01:00:00+08,7.0,0.0,23.350000381469727,0,0.0
2026-02-04 02:00:00+08,15.0,0.0,23.100000381469727,0,0.0
2026-02-04 03:00:00+08,21.0,0.0,23.049999237060547,0,0.0
2026-02-04 04:00:00+08,27.0,0.0,22.899999618530277,0,0.0
2026-02-04 05:00:00+08,35.0,0.0,22.600000381469727,0,0.0
2026-02-04 06:00:00+08,80.0,0.0,22.149999618530277,0,0.0598333333333333
2026-02-04 07:00:00+08,87.0,976.7875366210938,22.549999237060547,1,0.9439166666666666
2026-02-04 08:00:00+08,29.0,3600.0,24.200000762939453,1,2.285083333333333
2026-02-04 09:00:00+08,26.0,3600.0,25.149999618530277,1,2.556583333333333
2026-02-04 10:00:00+08,25.0,3600.0,25.950000762939453,1,3.3316666666666666
2026-02-04 11:00:00+08,14.0,3600.0,26.799999237060547,1,4.777
2026-02-04 12:00:00+08,30.0,3600.0,27.450000762939453,1,4.547083333333333
2026-02-04 13:00:00+08,18.0,3600.0,27.5,1,3.338833333333333
2026-02-04 14:00:00+08,12.0,3600.0,27.25,1,1.2513333333333332
2026-02-04 15:00:00+08,16.0,3600.0,27.600000381469727,1,1.3349166666666663
2026-02-04 16:00:00+08,14.0,3600.0,27.100000381469727,1,1.30525
2026-02-04 17:00:00+08,2.0,3600.0,25.950000762939453,1,0.2134166666666666
2026-02-04 18:00:00+08,1.0,3151.330078125,24.899999618530277,0,0.0
2026-02-04 19:00:00+08,2.0,0.0,24.399999618530277,0,0.0
2026-02-04 20:00:00+08,5.0,0.0,24.75,0,0.0
2026-02-04 21:00:00+08,4.0,0.0,24.350000381469727,0,0.0
2026-02-04 22:00:00+08,5.0,0.0,24.100000381469727,0,0.0
2026-02-04 23:00:00+08,63.0,0.0,23.850000381469727,0,0.0
2026-02-05 00:00:00+08,44.0,0.0,23.649999618530277,0,0.0
2026-02-05 01:00:00+08,97.0,0.0,23.700000762939453,0,0.0
2026-02-05 02:00:00+08,98.0,0.0,23.049999237060547,0,0.0
2026-02-05 03:00:00+08,99.0,0.0,22.649999618530277,0,0.0
2026-02-05 04:00:00+08,100.0,0.0,22.100000381469727,0,0.0
2026-02-05 05:00:00+08,91.0,0.0,22.100000381469727,0,0.0
2026-02-05 06:00:00+08,99.0,0.0,22.049999237060547,0,0.0725833333333333
2026-02-05 07:00:00+08,68.0,222.5287933349609,22.700000762939453,1,0.95225
2026-02-05 08:00:00+08,100.0,3600.0,25.399999618530277,1,2.32675
2026-02-05 09:00:00+08,95.0,3600.0,26.25,1,3.2910833333333334
2026-02-05 10:00:00+08,96.0,3600.0,27.100000381469727,1,4.297666666666666
2026-02-05 11:00:00+08,100.0,3600.0,27.75,1,4.7138333333333335
2026-02-05 12:00:00+08,99.0,3600.0,28.299999237060547,1,4.49575
2026-02-05 13:00:00+08,74.0,3600.0,28.649999618530277,1,3.26975
2026-02-05 14:00:00+08,66.0,3600.0,28.25,1,1.2215833333333332
2026-02-05 15:00:00+08,95.0,3600.0,27.799999237060547,1,1.3895
2026-02-05 16:00:00+08,100.0,3600.0,27.200000762939453,1,1.0901666666666667
2026-02-05 17:00:00+08,100.0,3600.0,26.049999237060547,1,0.1413333333333333
2026-02-05 18:00:00+08,100.0,3176.7763671875,24.950000762939453,0,0.0
2026-02-05 19:00:00+08,100.0,0.0,24.450000762939453,0,0.0
2026-02-05 20:00:00+08,100.0,0.0,24.850000381469727,0,0.0
2026-02-05 21:00:00+08,100.0,0.0,24.5,0,0.0
2026-02-05 22:00:00+08,100.0,0.0,24.399999618530277,0,0.0
2026-02-05 23:00:00+08,100.0,0.0,24.25,0,0.0
2026-02-06 00:00:00+08,100.0,0.0,24.149999618530277,0,0.0
2026-02-06 01:00:00+08,100.0,0.0,24.100000381469727,0,0.0
2026-02-06 02:00:00+08,100.0,0.0,23.799999237060547,0,0.0
2026-02-06 03:00:00+08,100.0,0.0,23.700000762939453,0,0.0
2026-02-06 04:00:00+08,100.0,0.0,23.700000762939453,0,0.0
2026-02-06 05:00:00+08,100.0,0.0,23.75,0,0.0
2026-02-06 06:00:00+08,100.0,0.0,23.700000762939453,0,0.1009166666666666
2026-02-06 07:00:00+08,100.0,0.0,24.0,1,0.8620833333333333
2026-02-06 08:00:00+08,100.0,3519.89599609375,25.049999237060547,1,2.3151666666666664
2026-02-06 09:00:00+08,100.0,3600.0,25.600000381469727,1,3.3519166666666664
2026-02-06 10:00:00+08,100.0,3600.0,26.25,1,3.7836666666666665
2026-02-06 11:00:00+08,100.0,3600.0,27.899999618530277,1,4.1315
2026-02-06 12:00:00+08,100.0,3600.0,28.149999618530277,1,3.5739166666666664
2026-02-06 13:00:00+08,100.0,3600.0,28.100000381469727,1,1.9764166666666667
2026-02-06 14:00:00+08,100.0,3600.0,28.350000381469727,1,1.09325
2026-02-06 15:00:00+08,100.0,0.0,25.0,1,0.8795833333333333
2026-02-06 16:00:00+08,100.0,0.0,24.399999618530277,1,0.35075
2026-02-06 17:00:00+08,100.0,0.0,23.299999237060547,1,0.0061666666666666
2026-02-06 18:00:00+08,100.0,0.0,22.649999618530277,0,0.0
2026-02-06 19:00:00+08,100.0,0.0,22.899999618530277,0,0.0
2026-02-06 20:00:00+08,100.0,0.0,23.399999618530277,0,0.0
2026-02-06 21:00:00+08,100.0,0.0,23.600000381469727,0,0.0
2026-02-06 22:00:00+08,100.0,0.0,23.549999237060547,0,0.0
2026-02-06 23:00:00+08,100.0,0.0,23.549999237060547,0,0.0
2026-02-07 00:00:00+08,100.0,0.0,23.700000762939453,0,0.0
2026-02-07 01:00:00+08,100.0,0.0,23.549999237060547,0,0.0
2026-02-07 02:00:00+08,98.0,0.0,23.299999237060547,0,0.0
2026-02-07 03:00:00+08,77.0,0.0,23.049999237060547,0,0.0
2026-02-07 04:00:00+08,100.0,0.0,22.75,0,0.0
2026-02-07 05:00:00+08,100.0,0.0,22.350000381469727,0,0.0
2026-02-07 06:00:00+08,100.0,0.0,22.700000762939453,0,0.0066666666666666
2026-02-07 07:00:00+08,100.0,0.0,23.100000381469727,1,0.4498333333333333
2026-02-07 08:00:00+08,100.0,0.0,23.350000381469727,1,1.4251666666666667
2026-02-07 09:00:00+08,95.0,3600.0,24.850000381469727,1,1.902
2026-02-07 10:00:00+08,100.0,3600.0,25.799999237060547,1,3.18925
2026-02-07 11:00:00+08,98.0,0.0,25.399999618530277,1,2.8489166666666668
2026-02-07 12:00:00+08,99.0,3600.0,26.049999237060547,1,3.31425
2026-02-07 13:00:00+08,100.0,3600.0,26.100000381469727,1,3.3885
2026-02-07 14:00:00+08,100.0,0.0,25.5,1,3.6461666666666654
2026-02-07 15:00:00+08,94.0,0.0,25.799999237060547,1,1.9418333333333333
2026-02-07 16:00:00+08,100.0,3600.0,26.100000381469727,1,0.5529166666666666
2026-02-07 17:00:00+08,95.0,1767.059814453125,25.649999618530277,1,0.0590833333333333
2026-02-07 18:00:00+08,88.0,1364.3143310546875,25.0,0,0.0
2026-02-07 19:00:00+08,98.0,0.0,24.0,0,0.0
2026-02-07 20:00:00+08,100.0,0.0,24.700000762939453,0,0.0
2026-02-07 21:00:00+08,100.0,0.0,24.5,0,0.0
2026-02-07 22:00:00+08,98.0,0.0,24.049999237060547,0,0.0
2026-02-07 23:00:00+08,99.0,0.0,23.75,0,0.0
2026-02-08 00:00:00+08,100.0,0.0,23.5,0,0.0
2026-02-08 01:00:00+08,100.0,0.0,23.600000381469727,0,0.0
2026-02-08 02:00:00+08,99.0,0.0,23.25,0,0.0
2026-02-08 03:00:00+08,100.0,0.0,23.5,0,0.0
2026-02-08 04:00:00+08,100.0,0.0,23.899999618530277,0,0.0
2026-02-08 05:00:00+08,100.0,0.0,23.75,0,0.0
2026-02-08 06:00:00+08,100.0,0.0,23.299999237060547,0,0.0026666666666666
2026-02-08 07:00:00+08,100.0,0.0,23.350000381469727,1,0.1979999999999999
2026-02-08 08:00:00+08,100.0,0.0,24.399999618530277,1,0.9724166666666666
2026-02-08 09:00:00+08,100.0,0.0,24.450000762939453,1,2.0674166666666665
2026-02-08 10:00:00+08,100.0,0.0,24.5,1,2.23
2026-02-08 11:00:00+08,100.0,1149.989990234375,24.950000762939453,1,3.820083333333333
2026-02-08 12:00:00+08,100.0,3600.0,25.450000762939453,1,3.9804166666666663
2026-02-08 13:00:00+08,98.0,3600.0,25.450000762939453,1,3.4015
2026-02-08 14:00:00+08,100.0,3600.0,26.049999237060547,1,2.31
2026-02-08 15:00:00+08,100.0,3600.0,25.399999618530277,1,2.1761666666666666
2026-02-08 16:00:00+08,100.0,2567.342529296875,24.950000762939453,1,0.9688333333333332
2026-02-08 17:00:00+08,100.0,0.0,24.399999618530277,1,0.0975833333333333
2026-02-08 18:00:00+08,100.0,0.0,23.850000381469727,0,0.0
2026-02-08 19:00:00+08,100.0,0.0,23.399999618530277,0,0.0
2026-02-08 20:00:00+08,100.0,0.0,23.950000762939453,0,0.0
2026-02-08 21:00:00+08,100.0,0.0,23.649999618530277,0,0.0
2026-02-08 22:00:00+08,100.0,0.0,23.399999618530277,0,0.0
2026-02-08 23:00:00+08,100.0,0.0,23.200000762939453,0,0.0
2026-02-09 00:00:00+08,100.0,0.0,22.899999618530277,0,0.0
2026-02-09 01:00:00+08,100.0,0.0,22.549999237060547,0,0.0
2026-02-09 02:00:00+08,92.0,0.0,22.399999618530277,0,0.0
2026-02-09 03:00:00+08,100.0,0.0,22.25,0,0.0
2026-02-09 04:00:00+08,100.0,0.0,22.25,0,0.0
2026-02-09 05:00:00+08,100.0,0.0,22.100000381469727,0,0.0
2026-02-09 06:00:00+08,98.0,0.0,22.100000381469727,0,0.0342499999999999
2026-02-09 07:00:00+08,99.0,0.0,22.100000381469727,1,0.7504166666666666
2026-02-09 08:00:00+08,100.0,3600.0,22.700000762939453,1,1.5425
2026-02-09 09:00:00+08,100.0,3600.0,23.100000381469727,1,3.239
2026-02-09 10:00:00+08,99.0,0.0,23.149999618530277,1,2.9426666666666668
2026-02-09 11:00:00+08,100.0,1904.5357666015625,23.25,1,3.8609166666666654
2026-02-09 12:00:00+08,100.0,3600.0,24.149999618530277,1,4.03125
2026-02-09 13:00:00+08,100.0,3600.0,24.350000381469727,1,1.9919166666666663
2026-02-09 14:00:00+08,100.0,3600.0,24.200000762939453,1,0.7850833333333334
2026-02-09 15:00:00+08,69.0,3600.0,24.100000381469727,1,1.3635
2026-02-09 16:00:00+08,60.0,3600.0,23.850000381469727,1,1.2414166666666666
2026-02-09 17:00:00+08,60.0,3600.0,23.0,1,0.27425
2026-02-09 18:00:00+08,55.0,3272.629638671875,22.5,0,0.0
2026-02-09 19:00:00+08,47.0,0.0,22.299999237060547,0,0.0
2026-02-09 20:00:00+08,100.0,0.0,22.649999618530277,0,0.0
2026-02-09 21:00:00+08,100.0,0.0,22.450000762939453,0,0.0
2026-02-09 22:00:00+08,78.0,0.0,22.399999618530277,0,0.0
2026-02-09 23:00:00+08,59.0,0.0,22.200000762939453,0,0.0
2026-02-10 00:00:00+08,100.0,0.0,22.299999237060547,0,0.0
2026-02-10 01:00:00+08,99.0,0.0,22.200000762939453,0,0.0
2026-02-10 02:00:00+08,100.0,0.0,22.100000381469727,0,0.0
2026-02-10 03:00:00+08,100.0,0.0,21.899999618530277,0,0.0
2026-02-10 04:00:00+08,100.0,0.0,21.75,0,0.0
2026-02-10 05:00:00+08,100.0,0.0,21.75,0,0.0
2026-02-10 06:00:00+08,100.0,0.0,21.75,0,0.0895
2026-02-10 07:00:00+08,100.0,662.192138671875,22.100000381469727,1,0.5739166666666666
2026-02-10 08:00:00+08,99.0,3600.0,23.549999237060547,1,1.518333333333333
2026-02-10 09:00:00+08,98.0,3600.0,24.450000762939453,1,3.1638333333333333
2026-02-10 10:00:00+08,98.0,3600.0,24.950000762939453,1,3.825833333333333
2026-02-10 11:00:00+08,47.0,3600.0,25.700000762939453,1,4.179416666666667
2026-02-10 12:00:00+08,40.0,3600.0,26.149999618530277,1,2.282
2026-02-10 13:00:00+08,48.0,3600.0,26.5,1,0.3971666666666666
2026-02-10 14:00:00+08,91.0,3600.0,26.149999618530277,1,0.80625
2026-02-10 15:00:00+08,93.0,3600.0,25.850000381469727,1,1.2920833333333333
2026-02-10 16:00:00+08,82.0,3600.0,25.700000762939453,1,1.186583333333333
2026-02-10 17:00:00+08,100.0,3600.0,24.950000762939453,1,0.2405833333333333
2026-02-10 18:00:00+08,99.0,3294.99462890625,24.0,0,0.0
2026-02-10 19:00:00+08,100.0,0.0,23.399999618530277,0,0.0
2026-02-10 20:00:00+08,100.0,0.0,23.549999237060547,0,0.0
2026-02-10 21:00:00+08,100.0,0.0,23.450000762939453,0,0.0
2026-02-10 22:00:00+08,91.0,0.0,23.350000381469727,0,0.0
2026-02-10 23:00:00+08,98.0,0.0,23.200000762939453,0,0.0
2026-02-11 00:00:00+08,97.0,0.0,23.200000762939453,0,0.0
2026-02-11 01:00:00+08,100.0,0.0,23.25,0,0.0
2026-02-11 02:00:00+08,100.0,0.0,23.299999237060547,0,0.0
2026-02-11 03:00:00+08,97.0,0.0,23.399999618530277,0,0.0
2026-02-11 04:00:00+08,99.0,0.0,23.350000381469727,0,0.0
2026-02-11 05:00:00+08,100.0,0.0,23.549999237060547,0,0.0
2026-02-11 06:00:00+08,100.0,0.0,23.850000381469727,0,0.1055833333333333
2026-02-11 07:00:00+08,100.0,0.0,24.100000381469727,1,0.8613333333333333
2026-02-11 08:00:00+08,100.0,3471.77587890625,25.25,1,2.09625
2026-02-11 09:00:00+08,100.0,3600.0,25.850000381469727,1,3.4334166666666666
2026-02-11 10:00:00+08,100.0,3600.0,26.100000381469727,1,4.0955
2026-02-11 11:00:00+08,100.0,3600.0,27.049999237060547,1,4.1883333333333335
2026-02-11 12:00:00+08,100.0,1359.8978271484375,26.75,1,4.5465
2026-02-11 13:00:00+08,99.0,3600.0,26.899999618530277,1,0.9863333333333332
2026-02-11 14:00:00+08,99.0,3600.0,27.200000762939453,1,1.0535
2026-02-11 15:00:00+08,100.0,3600.0,26.25,1,1.2744166666666663
2026-02-11 16:00:00+08,100.0,577.3986206054688,25.549999237060547,1,1.31875
2026-02-11 17:00:00+08,100.0,1592.373779296875,25.049999237060547,1,0.3389166666666666
2026-02-11 18:00:00+08,99.0,2533.262451171875,24.799999237060547,0,0.0
2026-02-11 19:00:00+08,100.0,0.0,24.25,0,0.0
2026-02-11 20:00:00+08,100.0,0.0,24.649999618530277,0,0.0
2026-02-11 21:00:00+08,99.0,0.0,24.399999618530277,0,0.0
2026-02-11 22:00:00+08,98.0,0.0,24.299999237060547,0,0.0
2026-02-11 23:00:00+08,81.0,0.0,24.100000381469727,0,0.0
2026-02-12 00:00:00+08,99.0,0.0,23.700000762939453,0,0.0
2026-02-12 01:00:00+08,100.0,0.0,23.549999237060547,0,0.0
2026-02-12 02:00:00+08,91.0,0.0,23.600000381469727,0,0.0
2026-02-12 03:00:00+08,79.0,0.0,23.700000762939453,0,0.0
2026-02-12 04:00:00+08,72.0,0.0,23.649999618530277,0,0.0
2026-02-12 05:00:00+08,98.0,0.0,23.549999237060547,0,0.0
2026-02-12 06:00:00+08,98.0,0.0,23.600000381469727,0,0.1215
2026-02-12 07:00:00+08,99.0,0.0,23.649999618530277,1,0.847
2026-02-12 08:00:00+08,100.0,1728.7672119140625,24.25,1,1.31325
2026-02-12 09:00:00+08,100.0,0.0,24.5,1,2.207583333333333
2026-02-12 10:00:00+08,99.0,3600.0,25.649999618530277,1,2.626583333333333
2026-02-12 11:00:00+08,88.0,3600.0,26.149999618530277,1,2.8451666666666666
2026-02-12 12:00:00+08,71.0,3600.0,26.299999237060547,1,4.2530833333333335
2026-02-12 13:00:00+08,94.0,3600.0,26.850000381469727,1,3.89975
2026-02-12 14:00:00+08,100.0,3600.0,27.100000381469727,1,2.1668333333333334
2026-02-12 15:00:00+08,100.0,3600.0,26.899999618530277,1,0.71925
2026-02-12 16:00:00+08,100.0,3600.0,26.549999237060547,1,0.6686666666666666
2026-02-12 17:00:00+08,100.0,3600.0,25.700000762939453,1,0.2244166666666666
2026-02-12 18:00:00+08,100.0,793.0482788085938,25.0,0,0.0
2026-02-12 19:00:00+08,100.0,0.0,24.549999237060547,0,0.0
2026-02-12 20:00:00+08,95.0,0.0,24.649999618530277,0,0.0
2026-02-12 21:00:00+08,82.0,0.0,24.350000381469727,0,0.0
2026-02-12 22:00:00+08,98.0,0.0,24.100000381469727,0,0.0
2026-02-12 23:00:00+08,77.0,0.0,24.149999618530277,0,0.0
2026-02-13 00:00:00+08,100.0,0.0,23.799999237060547,0,0.0
2026-02-13 01:00:00+08,70.0,0.0,23.649999618530277,0,0.0
2026-02-13 02:00:00+08,90.0,0.0,24.0,0,0.0
2026-02-13 03:00:00+08,13.0,0.0,24.0,0,0.0
2026-02-13 04:00:00+08,29.0,0.0,23.850000381469727,0,0.0
2026-02-13 05:00:00+08,23.0,0.0,23.75,0,0.0
2026-02-13 06:00:00+08,60.0,0.0,23.799999237060547,0,0.026
2026-02-13 07:00:00+08,79.0,868.3317260742188,24.149999618530277,1,0.4131666666666666
2026-02-13 08:00:00+08,100.0,3600.0,25.399999618530277,1,1.10125
2026-02-13 09:00:00+08,96.0,3416.900390625,25.899999618530277,1,2.6154166666666665
2026-02-13 10:00:00+08,99.0,3600.0,26.799999237060547,1,3.477
2026-02-13 11:00:00+08,100.0,3600.0,27.399999618530277,1,3.5283333333333333
2026-02-13 12:00:00+08,100.0,3600.0,27.25,1,3.7691666666666666
2026-02-13 13:00:00+08,100.0,3600.0,27.75,1,2.4219166666666667
2026-02-13 14:00:00+08,100.0,2700.998779296875,27.399999618530277,1,1.18025
2026-02-13 15:00:00+08,100.0,3600.0,26.799999237060547,1,0.78375
2026-02-13 16:00:00+08,100.0,3600.0,26.299999237060547,1,1.05925
2026-02-13 17:00:00+08,100.0,1996.0411376953125,25.5,1,0.3074166666666666
2026-02-13 18:00:00+08,100.0,41.68220520019531,24.899999618530277,0,0.0
2026-02-13 19:00:00+08,98.0,0.0,24.549999237060547,0,0.0
2026-02-13 20:00:00+08,92.0,0.0,24.350000381469727,0,0.0
2026-02-13 21:00:00+08,96.0,0.0,24.200000762939453,0,0.0
2026-02-13 22:00:00+08,63.0,0.0,24.200000762939453,0,0.0
2026-02-13 23:00:00+08,91.0,0.0,24.0,0,0.0
2026-02-14 00:00:00+08,100.0,0.0,23.899999618530277,0,0.0
2026-02-14 01:00:00+08,99.0,0.0,23.799999237060547,0,0.0
2026-02-14 02:00:00+08,100.0,0.0,23.299999237060547,0,0.0
2026-02-14 03:00:00+08,99.0,0.0,23.25,0,0.0
2026-02-14 04:00:00+08,100.0,0.0,23.0,0,0.0
2026-02-14 05:00:00+08,91.0,0.0,23.649999618530277,0,0.0
2026-02-14 06:00:00+08,74.0,0.0,23.649999618530277,0,0.0035833333333333
2026-02-14 07:00:00+08,59.0,609.3950805664062,24.049999237060547,1,0.2495833333333333
2026-02-14 08:00:00+08,98.0,3600.0,24.75,1,0.9556666666666668
2026-02-14 09:00:00+08,100.0,2465.58251953125,24.350000381469727,1,1.8500833333333333
2026-02-14 10:00:00+08,99.0,3600.0,24.850000381469727,1,3.10925
2026-02-14 11:00:00+08,99.0,3600.0,26.0,1,3.9206666666666665
2026-02-14 12:00:00+08,99.0,3600.0,26.350000381469727,1,1.5750833333333334
2026-02-14 13:00:00+08,95.0,3600.0,27.100000381469727,1,1.757083333333333
2026-02-14 14:00:00+08,75.0,3600.0,26.049999237060547,1,0.772
2026-02-14 15:00:00+08,100.0,3600.0,26.549999237060547,1,0.7015833333333333
2026-02-14 16:00:00+08,100.0,3600.0,26.149999618530277,1,0.5874166666666667
2026-02-14 17:00:00+08,98.0,3600.0,25.649999618530277,1,0.2595833333333333
2026-02-14 18:00:00+08,100.0,765.5599365234375,24.299999237060547,0,0.0
2026-02-14 19:00:00+08,100.0,0.0,24.0,0,0.0
2026-02-14 20:00:00+08,100.0,0.0,24.649999618530277,0,0.0
2026-02-14 21:00:00+08,100.0,0.0,24.549999237060547,0,0.0
2026-02-14 22:00:00+08,99.0,0.0,24.5,0,0.0
2026-02-14 23:00:00+08,100.0,0.0,23.799999237060547,0,0.0
2026-02-15 00:00:00+08,100.0,0.0,23.899999618530277,0,0.0
2026-02-15 01:00:00+08,100.0,0.0,23.899999618530277,0,0.0
2026-02-15 02:00:00+08,100.0,0.0,23.899999618530277,0,0.0
2026-02-15 03:00:00+08,100.0,0.0,23.899999618530277,0,0.0
2026-02-15 04:00:00+08,100.0,0.0,23.950000762939453,0,0.0
2026-02-15 05:00:00+08,100.0,0.0,23.700000762939453,0,0.0
2026-02-15 06:00:00+08,100.0,0.0,23.549999237060547,0,0.0201666666666666
2026-02-15 07:00:00+08,100.0,0.0,23.75,1,0.87325
2026-02-15 08:00:00+08,100.0,1429.701171875,25.100000381469727,1,1.202
2026-02-15 09:00:00+08,100.0,3600.0,25.549999237060547,1,2.602333333333333
2026-02-15 10:00:00+08,100.0,3600.0,25.950000762939453,1,4.323083333333333
2026-02-15 11:00:00+08,100.0,3600.0,26.5,1,4.404
2026-02-15 12:00:00+08,100.0,3600.0,27.149999618530277,1,2.60225
2026-02-15 13:00:00+08,100.0,3600.0,26.75,1,1.995083333333333
2026-02-15 14:00:00+08,100.0,3600.0,27.149999618530277,1,1.55
2026-02-15 15:00:00+08,100.0,3600.0,27.049999237060547,1,1.346
2026-02-15 16:00:00+08,98.0,3600.0,26.399999618530277,1,1.4619166666666663
2026-02-15 17:00:00+08,92.0,3600.0,26.100000381469727,1,0.35775
2026-02-15 18:00:00+08,57.0,3396.912353515625,25.299999237060547,0,0.0
2026-02-15 19:00:00+08,98.0,0.0,24.850000381469727,0,0.0
2026-02-15 20:00:00+08,98.0,0.0,24.950000762939453,0,0.0
2026-02-15 21:00:00+08,100.0,0.0,24.600000381469727,0,0.0
2026-02-15 22:00:00+08,100.0,0.0,24.450000762939453,0,0.0
2026-02-15 23:00:00+08,100.0,0.0,24.350000381469727,0,0.0
2026-02-16 00:00:00+08,100.0,0.0,24.200000762939453,0,0.0
2026-02-16 01:00:00+08,100.0,0.0,24.049999237060547,0,0.0
2026-02-16 02:00:00+08,100.0,0.0,24.0,0,0.0
2026-02-16 03:00:00+08,100.0,0.0,23.950000762939453,0,0.0
2026-02-16 04:00:00+08,100.0,0.0,23.950000762939453,0,0.0
2026-02-16 05:00:00+08,100.0,0.0,23.899999618530277,0,0.0
2026-02-16 06:00:00+08,100.0,0.0,23.700000762939453,0,0.1064166666666666
2026-02-16 07:00:00+08,100.0,0.0,24.0,1,0.8689166666666667
2026-02-16 08:00:00+08,100.0,3600.0,24.899999618530277,1,2.36525
2026-02-16 09:00:00+08,100.0,3600.0,26.100000381469727,1,4.184
2026-02-16 10:00:00+08,100.0,3600.0,26.700000762939453,1,4.962833333333333
2026-02-16 11:00:00+08,100.0,3600.0,27.350000381469727,1,5.130333333333333
2026-02-16 12:00:00+08,100.0,3600.0,28.149999618530277,1,4.724666666666667
2026-02-16 13:00:00+08,100.0,3600.0,28.799999237060547,1,1.51125
2026-02-16 14:00:00+08,100.0,3600.0,29.100000381469727,1,1.88225
2026-02-16 15:00:00+08,100.0,3600.0,28.549999237060547,1,1.4625
2026-02-16 16:00:00+08,100.0,3600.0,28.350000381469727,1,1.2734166666666666
2026-02-16 17:00:00+08,99.0,3600.0,26.950000762939453,1,0.2484166666666666
2026-02-16 18:00:00+08,100.0,2452.47021484375,26.049999237060547,1,0.0
2026-02-16 19:00:00+08,99.0,0.0,25.450000762939453,0,0.0
2026-02-16 20:00:00+08,59.0,0.0,25.299999237060547,0,0.0
2026-02-16 21:00:00+08,15.0,0.0,25.149999618530277,0,0.0
2026-02-16 22:00:00+08,6.0,0.0,24.75,0,0.0
2026-02-16 23:00:00+08,50.0,0.0,24.549999237060547,0,0.0
2026-02-17 00:00:00+08,100.0,0.0,24.399999618530277,0,0.0
2026-02-17 01:00:00+08,95.0,0.0,24.0,0,0.0
2026-02-17 02:00:00+08,91.0,0.0,23.799999237060547,0,0.0
2026-02-17 03:00:00+08,98.0,0.0,23.549999237060547,0,0.0
2026-02-17 04:00:00+08,99.0,0.0,23.450000762939453,0,0.0
2026-02-17 05:00:00+08,100.0,0.0,23.600000381469727,0,0.0
2026-02-17 06:00:00+08,99.0,0.0,23.600000381469727,0,0.1248333333333333
2026-02-17 07:00:00+08,99.0,1050.955810546875,24.0,1,0.73325
2026-02-17 08:00:00+08,100.0,3600.0,25.450000762939453,1,2.54525
2026-02-17 09:00:00+08,100.0,3600.0,26.350000381469727,1,4.063833333333333
2026-02-17 10:00:00+08,99.0,3600.0,27.0,1,4.22425
2026-02-17 11:00:00+08,99.0,3600.0,27.899999618530277,1,4.959833333333333
2026-02-17 12:00:00+08,100.0,3600.0,28.5,1,4.718416666666666
2026-02-17 13:00:00+08,81.0,3600.0,28.850000381469727,1,3.53975
2026-02-17 14:00:00+08,27.0,3600.0,28.799999237060547,1,1.501083333333333
2026-02-17 15:00:00+08,22.0,3600.0,28.399999618530277,1,1.3886666666666667
2026-02-17 16:00:00+08,74.0,3600.0,27.950000762939453,1,0.9395
2026-02-17 17:00:00+08,41.0,3600.0,27.25,1,0.3025833333333333
2026-02-17 18:00:00+08,9.0,3433.37890625,26.200000762939453,1,0.0
2026-02-17 19:00:00+08,27.0,0.0,25.149999618530277,0,0.0
2026-02-17 20:00:00+08,22.0,0.0,25.200000762939453,0,0.0
2026-02-17 21:00:00+08,13.0,0.0,25.100000381469727,0,0.0
2026-02-17 22:00:00+08,12.0,0.0,24.950000762939453,0,0.0
2026-02-17 23:00:00+08,91.0,0.0,24.700000762939453,0,0.0
2026-02-18 00:00:00+08,45.0,0.0,24.5,0,0.0
2026-02-18 01:00:00+08,11.0,0.0,24.200000762939453,0,0.0
2026-02-18 02:00:00+08,9.0,0.0,24.049999237060547,0,0.0
2026-02-18 03:00:00+08,8.0,0.0,23.850000381469727,0,0.0
2026-02-18 04:00:00+08,4.0,0.0,23.700000762939453,0,0.0
2026-02-18 05:00:00+08,5.0,0.0,23.700000762939453,0,0.0
2026-02-18 06:00:00+08,4.0,0.0,23.600000381469727,0,0.0454166666666666
2026-02-18 07:00:00+08,4.0,2307.49853515625,24.0,1,0.5733333333333334
2026-02-18 08:00:00+08,9.0,3600.0,25.649999618530277,1,2.5849166666666665
2026-02-18 09:00:00+08,16.0,3600.0,26.450000762939453,1,4.33075
2026-02-18 10:00:00+08,11.0,3600.0,27.350000381469727,1,4.189916666666667
2026-02-18 11:00:00+08,4.0,3600.0,28.25,1,4.327
2026-02-18 12:00:00+08,20.0,3600.0,28.850000381469727,1,4.4775
2026-02-18 13:00:00+08,70.0,3600.0,29.25,1,3.0444166666666668
2026-02-18 14:00:00+08,67.0,3600.0,28.850000381469727,1,1.1255
2026-02-18 15:00:00+08,17.0,3600.0,27.350000381469727,1,1.381916666666667
2026-02-18 16:00:00+08,25.0,3600.0,27.399999618530277,1,1.3605833333333333
2026-02-18 17:00:00+08,60.0,3600.0,26.799999237060547,1,0.41475
2026-02-18 18:00:00+08,77.0,3450.76806640625,25.899999618530277,1,0.0
2026-02-18 19:00:00+08,95.0,0.0,25.049999237060547,0,0.0
2026-02-18 20:00:00+08,98.0,0.0,24.950000762939453,0,0.0
2026-02-18 21:00:00+08,100.0,0.0,24.399999618530277,0,0.0
2026-02-18 22:00:00+08,100.0,0.0,24.399999618530277,0,0.0
2026-02-18 23:00:00+08,98.0,0.0,24.549999237060547,0,0.0
2026-02-19 00:00:00+08,88.0,0.0,24.299999237060547,0,0.0
2026-02-19 01:00:00+08,100.0,0.0,23.950000762939453,0,0.0
2026-02-19 02:00:00+08,99.0,0.0,24.0,0,0.0
2026-02-19 03:00:00+08,99.0,0.0,23.950000762939453,0,0.0
2026-02-19 04:00:00+08,100.0,0.0,23.799999237060547,0,0.0
2026-02-19 05:00:00+08,97.0,0.0,23.75,0,0.0
2026-02-19 06:00:00+08,35.0,0.0,23.75,0,0.067
2026-02-19 07:00:00+08,38.0,2231.033203125,23.950000762939453,1,0.7479166666666667
2026-02-19 08:00:00+08,100.0,3600.0,25.850000381469727,1,2.645083333333333
2026-02-19 09:00:00+08,100.0,3600.0,26.600000381469727,1,4.427416666666667
2026-02-19 10:00:00+08,99.0,3600.0,27.350000381469727,1,4.590083333333333
2026-02-19 11:00:00+08,39.0,3600.0,27.850000381469727,1,4.71475
2026-02-19 12:00:00+08,12.0,3600.0,28.350000381469727,1,2.639
2026-02-19 13:00:00+08,7.0,3600.0,28.649999618530277,1,0.60825
2026-02-19 14:00:00+08,95.0,3600.0,28.799999237060547,1,1.9256666666666664
2026-02-19 15:00:00+08,100.0,3600.0,27.850000381469727,1,1.4764166666666667
2026-02-19 16:00:00+08,100.0,3600.0,27.200000762939453,1,1.056
2026-02-19 17:00:00+08,100.0,512.5639038085938,26.049999237060547,1,0.2074166666666666
2026-02-19 18:00:00+08,99.0,459.1676330566406,25.5,1,0.0
2026-02-19 19:00:00+08,100.0,0.0,25.25,0,0.0
2026-02-19 20:00:00+08,100.0,0.0,25.5,0,0.0
2026-02-19 21:00:00+08,100.0,0.0,25.049999237060547,0,0.0
2026-02-19 22:00:00+08,82.0,0.0,24.700000762939453,0,0.0
2026-02-19 23:00:00+08,70.0,0.0,24.600000381469727,0,0.0
2026-02-20 00:00:00+08,45.0,0.0,24.5,0,0.0
2026-02-20 01:00:00+08,52.0,0.0,24.200000762939453,0,0.0
2026-02-20 02:00:00+08,80.0,0.0,23.850000381469727,0,0.0
2026-02-20 03:00:00+08,91.0,0.0,23.75,0,0.0
2026-02-20 04:00:00+08,100.0,0.0,23.700000762939453,0,0.0
2026-02-20 05:00:00+08,95.0,0.0,23.600000381469727,0,0.0
2026-02-20 06:00:00+08,98.0,0.0,23.549999237060547,0,0.15025
2026-02-20 07:00:00+08,91.0,1242.1527099609375,23.850000381469727,1,0.9515
2026-02-20 08:00:00+08,95.0,3600.0,25.350000381469727,1,3.1521666666666666
2026-02-20 09:00:00+08,100.0,3600.0,26.350000381469727,1,3.82475
2026-02-20 10:00:00+08,100.0,3600.0,26.899999618530277,1,4.0385
2026-02-20 11:00:00+08,99.0,2214.252685546875,27.149999618530277,1,4.552
2026-02-20 12:00:00+08,100.0,3600.0,28.299999237060547,1,5.119416666666666
2026-02-20 13:00:00+08,100.0,3600.0,27.950000762939453,1,2.192833333333333
2026-02-20 14:00:00+08,97.0,3600.0,28.049999237060547,1,1.20375
2026-02-20 15:00:00+08,94.0,3600.0,27.950000762939453,1,0.9639166666666666
2026-02-20 16:00:00+08,84.0,3600.0,27.149999618530277,1,0.97825
2026-02-20 17:00:00+08,98.0,3600.0,26.450000762939453,1,0.2855
2026-02-20 18:00:00+08,99.0,447.9689636230469,25.649999618530277,1,0.0
2026-02-20 19:00:00+08,99.0,0.0,25.049999237060547,0,0.0
2026-02-20 20:00:00+08,98.0,0.0,25.200000762939453,0,0.0
2026-02-20 21:00:00+08,95.0,0.0,24.850000381469727,0,0.0
2026-02-20 22:00:00+08,95.0,0.0,24.600000381469727,0,0.0
2026-02-20 23:00:00+08,13.0,0.0,24.350000381469727,0,0.0
2026-02-21 00:00:00+08,14.0,0.0,24.149999618530277,0,0.0
2026-02-21 01:00:00+08,24.0,0.0,23.899999618530277,0,0.0
2026-02-21 02:00:00+08,99.0,0.0,23.600000381469727,0,0.0
2026-02-21 03:00:00+08,100.0,0.0,23.450000762939453,0,0.0
2026-02-21 04:00:00+08,99.0,0.0,23.200000762939453,0,0.0
2026-02-21 05:00:00+08,20.0,0.0,23.200000762939453,0,0.0
2026-02-21 06:00:00+08,23.0,0.0,22.950000762939453,0,0.1140833333333333
2026-02-21 07:00:00+08,20.0,1950.5301513671875,23.450000762939453,1,0.8731666666666666
2026-02-21 08:00:00+08,16.0,3600.0,24.75,1,2.6219166666666665
2026-02-21 09:00:00+08,23.0,3600.0,26.100000381469727,1,4.335333333333333
2026-02-21 10:00:00+08,23.0,3600.0,27.299999237060547,1,4.74175
2026-02-21 11:00:00+08,15.0,3600.0,28.299999237060547,1,5.047166666666667
2026-02-21 12:00:00+08,16.0,3600.0,28.75,1,1.634
2026-02-21 13:00:00+08,49.0,3600.0,29.0,1,1.3379166666666666
2026-02-21 14:00:00+08,17.0,3600.0,28.299999237060547,1,1.3109166666666667
2026-02-21 15:00:00+08,14.0,3600.0,27.950000762939453,1,1.4415
2026-02-21 16:00:00+08,4.0,3600.0,27.549999237060547,1,1.3345833333333332
2026-02-21 17:00:00+08,3.0,3600.0,26.649999618530277,1,0.3028333333333333
2026-02-21 18:00:00+08,5.0,3499.79052734375,25.600000381469727,1,0.0
2026-02-21 19:00:00+08,5.0,0.0,24.700000762939453,0,0.0
2026-02-21 20:00:00+08,2.0,0.0,25.100000381469727,0,0.0
2026-02-21 21:00:00+08,1.0,0.0,24.950000762939453,0,0.0
2026-02-21 22:00:00+08,1.0,0.0,24.75,0,0.0
2026-02-21 23:00:00+08,1.0,0.0,24.600000381469727,0,0.0
2026-02-22 00:00:00+08,0.0,0.0,24.549999237060547,0,0.0
2026-02-22 01:00:00+08,1.0,0.0,24.299999237060547,0,0.0
2026-02-22 02:00:00+08,16.0,0.0,24.149999618530277,0,0.0
2026-02-22 03:00:00+08,29.0,0.0,23.700000762939453,0,0.0
2026-02-22 04:00:00+08,59.0,0.0,23.5,0,0.0
2026-02-22 05:00:00+08,5.0,0.0,23.200000762939453,0,0.0
2026-02-22 06:00:00+08,22.0,0.0,23.0,0,0.108
2026-02-22 07:00:00+08,50.0,2425.32421875,23.549999237060547,1,0.72375
2026-02-22 08:00:00+08,65.0,3600.0,24.899999618530277,1,2.2024166666666667
2026-02-22 09:00:00+08,26.0,3600.0,25.700000762939453,1,4.144166666666666
2026-02-22 10:00:00+08,13.0,3600.0,26.799999237060547,1,4.9435
2026-02-22 11:00:00+08,22.0,3600.0,28.0,1,4.8693333333333335
2026-02-22 12:00:00+08,6.0,3600.0,29.0,1,3.4175
2026-02-22 13:00:00+08,11.0,3600.0,29.350000381469727,1,2.8289166666666667
2026-02-22 14:00:00+08,10.0,3600.0,29.049999237060547,1,1.6451666666666669
2026-02-22 15:00:00+08,4.0,3600.0,29.049999237060547,1,1.5298333333333334
2026-02-22 16:00:00+08,5.0,3600.0,28.350000381469727,1,1.44275
2026-02-22 17:00:00+08,4.0,3600.0,27.25,1,0.3135833333333333
2026-02-22 18:00:00+08,2.0,3515.149169921875,25.5,1,0.0
2026-02-22 19:00:00+08,1.0,0.0,25.0,0,0.0
2026-02-22 20:00:00+08,0.0,0.0,24.950000762939453,0,0.0
2026-02-22 21:00:00+08,0.0,0.0,24.850000381469727,0,0.0
2026-02-22 22:00:00+08,1.0,0.0,24.799999237060547,0,0.0
2026-02-22 23:00:00+08,0.0,0.0,24.600000381469727,0,0.0
2026-02-23 00:00:00+08,2.0,0.0,24.350000381469727,0,0.0
2026-02-23 01:00:00+08,1.0,0.0,24.049999237060547,0,0.0
2026-02-23 02:00:00+08,5.0,0.0,23.850000381469727,0,0.0
2026-02-23 03:00:00+08,14.0,0.0,23.75,0,0.0
2026-02-23 04:00:00+08,5.0,0.0,23.649999618530277,0,0.0
2026-02-23 05:00:00+08,41.0,0.0,23.5,0,0.0
2026-02-23 06:00:00+08,85.0,0.0,23.450000762939453,0,0.0691666666666666
2026-02-23 07:00:00+08,11.0,2153.340087890625,24.100000381469727,1,0.4897499999999999
2026-02-23 08:00:00+08,24.0,3600.0,26.149999618530277,1,1.7820833333333332
2026-02-23 09:00:00+08,34.0,3600.0,27.200000762939453,1,3.83975
2026-02-23 10:00:00+08,73.0,3600.0,27.649999618530277,1,3.907333333333333
2026-02-23 11:00:00+08,20.0,3600.0,28.25,1,4.60325
2026-02-23 12:00:00+08,44.0,3600.0,29.100000381469727,1,4.71325
2026-02-23 13:00:00+08,62.0,3600.0,29.25,1,2.76125
2026-02-23 14:00:00+08,89.0,3600.0,29.399999618530277,1,1.7264166666666667
2026-02-23 15:00:00+08,99.0,3600.0,28.850000381469727,1,1.7474999999999998
2026-02-23 16:00:00+08,8.0,3600.0,27.799999237060547,1,0.9664166666666666
2026-02-23 17:00:00+08,16.0,3600.0,27.350000381469727,1,0.2033333333333333
2026-02-23 18:00:00+08,21.0,3530.05517578125,26.299999237060547,1,0.0
2026-02-23 19:00:00+08,20.0,0.0,25.600000381469727,0,0.0
2026-02-23 20:00:00+08,28.0,0.0,25.549999237060547,0,0.0
2026-02-23 21:00:00+08,15.0,0.0,25.600000381469727,0,0.0
2026-02-23 22:00:00+08,23.0,0.0,25.549999237060547,0,0.0
2026-02-23 23:00:00+08,24.0,0.0,25.0,0,0.0
2026-02-24 00:00:00+08,36.0,0.0,24.5,0,0.0
2026-02-24 01:00:00+08,40.0,0.0,24.350000381469727,0,0.0
2026-02-24 02:00:00+08,86.0,0.0,24.100000381469727,0,0.0
2026-02-24 03:00:00+08,100.0,0.0,23.850000381469727,0,0.0
2026-02-24 04:00:00+08,63.0,0.0,23.899999618530277,0,0.0
2026-02-24 05:00:00+08,76.0,0.0,23.950000762939453,0,0.0
2026-02-24 06:00:00+08,99.0,0.0,23.950000762939453,0,0.1493333333333333
2026-02-24 07:00:00+08,98.0,685.8443603515625,24.450000762939453,1,0.8321666666666666
2026-02-24 08:00:00+08,98.0,2438.18017578125,24.0,1,1.424
2026-02-24 09:00:00+08,92.0,3600.0,25.850000381469727,1,3.0636666666666668
2026-02-24 10:00:00+08,33.0,3600.0,27.25,1,3.9995
2026-02-24 11:00:00+08,29.0,3600.0,27.799999237060547,1,4.386
2026-02-24 12:00:00+08,27.0,3600.0,28.299999237060547,1,5.050916666666667
2026-02-24 13:00:00+08,20.0,3600.0,28.75,1,4.64825
2026-02-24 14:00:00+08,41.0,3600.0,28.549999237060547,1,1.408
2026-02-24 15:00:00+08,40.0,3600.0,28.299999237060547,1,1.459
2026-02-24 16:00:00+08,39.0,3600.0,27.700000762939453,1,1.1754166666666666
2026-02-24 17:00:00+08,32.0,3600.0,27.149999618530277,1,0.3466666666666667
2026-02-24 18:00:00+08,22.0,3544.522216796875,26.549999237060547,1,0.0
2026-02-24 19:00:00+08,29.0,0.0,25.700000762939453,0,0.0
2026-02-24 20:00:00+08,23.0,0.0,25.200000762939453,0,0.0
2026-02-24 21:00:00+08,34.0,0.0,25.049999237060547,0,0.0
2026-02-24 22:00:00+08,75.0,0.0,24.799999237060547,0,0.0
2026-02-24 23:00:00+08,63.0,0.0,24.799999237060547,0,0.0
2026-02-25 00:00:00+08,56.0,0.0,24.799999237060547,0,0.0
2026-02-25 01:00:00+08,63.0,0.0,24.600000381469727,0,0.0
2026-02-25 02:00:00+08,51.0,0.0,24.700000762939453,0,0.0
2026-02-25 03:00:00+08,46.0,0.0,24.5,0,0.0
2026-02-25 04:00:00+08,53.0,0.0,24.350000381469727,0,0.0
2026-02-25 05:00:00+08,65.0,0.0,24.149999618530277,0,0.0
2026-02-25 06:00:00+08,87.0,0.0,24.049999237060547,0,0.1251666666666666
2026-02-25 07:00:00+08,80.0,2113.364013671875,24.549999237060547,1,0.8273333333333333
2026-02-25 08:00:00+08,90.0,3600.0,25.75,1,2.1575
2026-02-25 09:00:00+08,77.0,3600.0,26.950000762939453,1,4.003583333333333
2026-02-25 10:00:00+08,93.0,3600.0,28.149999618530277,1,4.9425
2026-02-25 11:00:00+08,94.0,3600.0,29.049999237060547,1,5.5384166666666665
2026-02-25 12:00:00+08,94.0,3600.0,29.700000762939453,1,4.175
2026-02-25 13:00:00+08,91.0,3600.0,29.649999618530277,1,1.4434166666666666
2026-02-25 14:00:00+08,59.0,3600.0,29.700000762939453,1,1.654
2026-02-25 15:00:00+08,71.0,3600.0,29.399999618530277,1,1.5824166666666666
2026-02-25 16:00:00+08,26.0,3600.0,28.75,1,1.6193333333333333
2026-02-25 17:00:00+08,2.0,3600.0,27.600000381469727,1,0.3643333333333333
2026-02-25 18:00:00+08,30.0,3558.578857421875,26.549999237060547,1,0.0
2026-02-25 19:00:00+08,63.0,0.0,25.5,0,0.0
2026-02-25 20:00:00+08,5.0,0.0,25.350000381469727,0,0.0
2026-02-25 21:00:00+08,4.0,0.0,25.200000762939453,0,0.0
2026-02-25 22:00:00+08,2.0,0.0,24.799999237060547,0,0.0
2026-02-25 23:00:00+08,2.0,0.0,24.450000762939453,0,0.0
2026-02-26 00:00:00+08,2.0,0.0,24.25,0,0.0
2026-02-26 01:00:00+08,4.0,0.0,24.0,0,0.0
2026-02-26 02:00:00+08,4.0,0.0,23.600000381469727,0,0.0
2026-02-26 03:00:00+08,6.0,0.0,23.450000762939453,0,0.0
2026-02-26 04:00:00+08,16.0,0.0,23.25,0,0.0
2026-02-26 05:00:00+08,25.0,0.0,23.200000762939453,0,0.0
2026-02-26 06:00:00+08,14.0,0.0,23.399999618530277,0,0.0829166666666666
2026-02-26 07:00:00+08,4.0,2553.75146484375,23.850000381469727,1,0.7216666666666667
2026-02-26 08:00:00+08,4.0,3600.0,25.649999618530277,1,2.7771666666666666
2026-02-26 09:00:00+08,1.0,3600.0,26.899999618530277,1,4.454
2026-02-26 10:00:00+08,24.0,3600.0,27.899999618530277,1,4.561
2026-02-26 11:00:00+08,1.0,3600.0,28.600000381469727,1,5.534666666666666
2026-02-26 12:00:00+08,1.0,3600.0,29.350000381469727,1,4.84575
2026-02-26 13:00:00+08,2.0,3600.0,30.350000381469727,1,1.6641666666666666
2026-02-26 14:00:00+08,2.0,3600.0,30.549999237060547,1,1.7914166666666669
2026-02-26 15:00:00+08,1.0,3600.0,30.200000762939453,1,1.5825
2026-02-26 16:00:00+08,3.0,3600.0,29.149999618530277,1,1.3615833333333334
2026-02-26 17:00:00+08,1.0,3600.0,27.700000762939453,1,0.3448333333333333
2026-02-26 18:00:00+08,2.0,3572.24267578125,26.200000762939453,1,0.0
2026-02-26 19:00:00+08,3.0,0.0,24.950000762939453,0,0.0
2026-02-26 20:00:00+08,0.0,0.0,24.850000381469727,0,0.0
2026-02-26 21:00:00+08,0.0,0.0,24.600000381469727,0,0.0
2026-02-26 22:00:00+08,0.0,0.0,24.25,0,0.0
2026-02-26 23:00:00+08,0.0,0.0,23.950000762939453,0,0.0
2026-02-27 00:00:00+08,0.0,0.0,23.600000381469727,0,0.0
2026-02-27 01:00:00+08,0.0,0.0,23.149999618530277,0,0.0
2026-02-27 02:00:00+08,0.0,0.0,23.049999237060547,0,0.0
2026-02-27 03:00:00+08,1.0,0.0,22.850000381469727,0,0.0
2026-02-27 04:00:00+08,9.0,0.0,22.649999618530277,0,0.0
2026-02-27 05:00:00+08,2.0,0.0,22.549999237060547,0,0.0
2026-02-27 06:00:00+08,9.0,0.0,22.5,0,0.1386666666666666
2026-02-27 07:00:00+08,10.0,2587.051025390625,23.399999618530277,1,0.8499166666666667
2026-02-27 08:00:00+08,70.0,3600.0,24.799999237060547,1,2.8291666666666666
2026-02-27 09:00:00+08,70.0,3600.0,25.899999618530277,1,4.52575
2026-02-27 10:00:00+08,47.0,3600.0,27.100000381469727,1,4.6859166666666665
2026-02-27 11:00:00+08,13.0,3600.0,28.350000381469727,1,4.39
2026-02-27 12:00:00+08,11.0,3600.0,29.75,1,4.634916666666666
2026-02-27 13:00:00+08,19.0,3600.0,30.850000381469727,1,2.4304166666666664
2026-02-27 14:00:00+08,49.0,3600.0,30.399999618530277,1,1.7221666666666666
2026-02-27 15:00:00+08,66.0,3600.0,31.049999237060547,1,1.8968333333333331
2026-02-27 16:00:00+08,77.0,3600.0,30.899999618530277,1,1.67425
2026-02-27 17:00:00+08,72.0,3600.0,29.700000762939453,1,0.36
2026-02-27 18:00:00+08,97.0,3585.5361328125,28.0,1,0.0
2026-02-27 19:00:00+08,82.0,0.0,26.649999618530277,0,0.0
2026-02-27 20:00:00+08,14.0,0.0,25.799999237060547,0,0.0
2026-02-27 21:00:00+08,7.0,0.0,25.450000762939453,0,0.0
2026-02-27 22:00:00+08,35.0,0.0,24.700000762939453,0,0.0
2026-02-27 23:00:00+08,5.0,0.0,24.149999618530277,0,0.0
2026-02-28 00:00:00+08,0.0,0.0,23.850000381469727,0,0.0
2026-02-28 01:00:00+08,0.0,0.0,23.799999237060547,0,0.0
2026-02-28 02:00:00+08,4.0,0.0,23.75,0,0.0
2026-02-28 03:00:00+08,2.0,0.0,23.600000381469727,0,0.0
2026-02-28 04:00:00+08,6.0,0.0,23.350000381469727,0,0.0
2026-02-28 05:00:00+08,2.0,0.0,23.100000381469727,0,0.0
2026-02-28 06:00:00+08,0.0,0.0,22.799999237060547,0,0.0748333333333333
2026-02-28 07:00:00+08,0.0,2620.718017578125,23.549999237060547,1,0.7436666666666666
2026-02-28 08:00:00+08,2.0,3600.0,25.399999618530277,1,2.8746666666666667
2026-02-28 09:00:00+08,5.0,3600.0,26.600000381469727,1,4.489916666666667
2026-02-28 10:00:00+08,20.0,3600.0,27.700000762939453,1,4.550583333333333
2026-02-28 11:00:00+08,2.0,3600.0,28.700000762939453,1,4.7955
2026-02-28 12:00:00+08,22.0,3600.0,29.350000381469727,1,4.95425
2026-02-28 13:00:00+08,20.0,3600.0,29.850000381469727,1,3.77625
2026-02-28 14:00:00+08,38.0,3600.0,29.75,1,1.4418333333333333
2026-02-28 15:00:00+08,73.0,3600.0,29.899999618530277,1,1.8599166666666669
2026-02-28 16:00:00+08,48.0,3600.0,29.649999618530277,1,1.9334166666666663
2026-02-28 17:00:00+08,27.0,3600.0,28.25,1,0.35
2026-02-28 18:00:00+08,3.0,3598.482177734375,26.299999237060547,1,0.0
2026-02-28 19:00:00+08,2.0,0.0,25.549999237060547,0,0.0
2026-02-28 20:00:00+08,1.0,0.0,25.200000762939453,0,0.0
2026-02-28 21:00:00+08,7.0,0.0,24.899999618530277,0,0.0
2026-02-28 22:00:00+08,3.0,0.0,24.549999237060547,0,0.0
2026-02-28 23:00:00+08,1.0,0.0,24.299999237060547,0,0.0
2026-03-01 00:00:00+08,4.0,0.0,24.100000381469727,0,0.0
2026-03-01 01:00:00+08,2.0,0.0,23.899999618530277,0,0.0
2026-03-01 02:00:00+08,3.0,0.0,23.899999618530277,0,0.0
2026-03-01 03:00:00+08,0.0,0.0,23.75,0,0.0
2026-03-01 04:00:00+08,0.0,0.0,23.5,0,0.0
2026-03-01 05:00:00+08,0.0,0.0,23.350000381469727,0,0.0
2026-03-01 06:00:00+08,3.0,0.0,23.299999237060547,0,0.1406666666666666
2026-03-01 07:00:00+08,9.0,2654.67333984375,24.200000762939453,1,1.1509166666666666
2026-03-01 08:00:00+08,14.0,3600.0,25.950000762939453,1,1.719833333333333
2026-03-01 09:00:00+08,63.0,3600.0,27.100000381469727,1,3.3404166666666666
2026-03-01 10:00:00+08,99.0,3600.0,27.399999618530277,1,4.099916666666666
2026-03-01 11:00:00+08,100.0,2059.96044921875,27.450000762939453,1,4.406833333333333
2026-03-01 12:00:00+08,98.0,0.0,27.450000762939453,1,4.6593333333333335
2026-03-01 13:00:00+08,44.0,3600.0,28.899999618530277,1,5.002666666666666
2026-03-01 14:00:00+08,16.0,3600.0,29.049999237060547,1,1.3975
2026-03-01 15:00:00+08,69.0,3600.0,29.450000762939453,1,1.5121666666666669
2026-03-01 16:00:00+08,34.0,3600.0,29.149999618530277,1,1.7643333333333333
2026-03-01 17:00:00+08,17.0,3600.0,27.899999618530277,1,0.3869166666666666
2026-03-01 18:00:00+08,25.0,3600.0,26.5,1,0.0
2026-03-01 19:00:00+08,21.0,0.0,25.799999237060547,0,0.0
2026-03-01 20:00:00+08,16.0,0.0,25.75,0,0.0
2026-03-01 21:00:00+08,20.0,0.0,25.549999237060547,0,0.0
2026-03-01 22:00:00+08,45.0,0.0,25.450000762939453,0,0.0
2026-03-01 23:00:00+08,84.0,0.0,25.399999618530277,0,0.0
2026-03-02 00:00:00+08,100.0,0.0,25.350000381469727,0,0.0
2026-03-02 01:00:00+08,100.0,0.0,25.200000762939453,0,0.0
2026-03-02 02:00:00+08,100.0,0.0,25.0,0,0.0
2026-03-02 03:00:00+08,96.0,0.0,24.850000381469727,0,0.0
2026-03-02 04:00:00+08,100.0,0.0,24.600000381469727,0,0.0
2026-03-02 05:00:00+08,100.0,0.0,24.450000762939453,0,0.0
2026-03-02 06:00:00+08,100.0,0.0,24.5,0,0.06075
2026-03-02 07:00:00+08,100.0,333.942626953125,24.899999618530277,1,1.2125833333333331
2026-03-02 08:00:00+08,99.0,3600.0,25.799999237060547,1,1.84225
2026-03-02 09:00:00+08,98.0,3600.0,26.950000762939453,1,2.6765
2026-03-02 10:00:00+08,100.0,3600.0,27.950000762939453,1,4.295916666666667
2026-03-02 11:00:00+08,95.0,3600.0,28.899999618530277,1,4.527
2026-03-02 12:00:00+08,98.0,3600.0,29.700000762939453,1,5.141
2026-03-02 13:00:00+08,89.0,3600.0,30.100000381469727,1,5.3505
2026-03-02 14:00:00+08,98.0,3600.0,30.100000381469727,1,3.10625
2026-03-02 15:00:00+08,100.0,3600.0,30.299999237060547,1,1.9065833333333333
2026-03-02 16:00:00+08,95.0,3600.0,30.100000381469727,1,1.5663333333333334
2026-03-02 17:00:00+08,98.0,3600.0,29.049999237060547,1,0.3625
2026-03-02 18:00:00+08,92.0,3600.0,27.950000762939453,1,0.0
2026-03-02 19:00:00+08,16.0,0.0,27.0,0,0.0
2026-03-02 20:00:00+08,73.0,0.0,26.200000762939453,0,0.0
2026-03-02 21:00:00+08,2.0,0.0,25.700000762939453,0,0.0
2026-03-02 22:00:00+08,21.0,0.0,25.25,0,0.0
2026-03-02 23:00:00+08,98.0,0.0,24.950000762939453,0,0.0
2026-03-03 00:00:00+08,100.0,0.0,24.75,0,0.0
2026-03-03 01:00:00+08,99.0,0.0,24.549999237060547,0,0.0
2026-03-03 02:00:00+08,98.0,0.0,24.25,0,0.0
2026-03-03 03:00:00+08,99.0,0.0,24.100000381469727,0,0.0
2026-03-03 04:00:00+08,98.0,0.0,23.950000762939453,0,0.0
2026-03-03 05:00:00+08,92.0,0.0,23.850000381469727,0,0.0
2026-03-03 06:00:00+08,98.0,0.0,23.75,0,0.1341666666666666
2026-03-03 07:00:00+08,98.0,2471.3359375,24.25,1,0.9116666666666666
2026-03-03 08:00:00+08,99.0,3600.0,26.100000381469727,1,2.892583333333333
2026-03-03 09:00:00+08,94.0,3600.0,27.5,1,4.356583333333333
2026-03-03 10:00:00+08,20.0,3600.0,28.600000381469727,1,4.57975
2026-03-03 11:00:00+08,12.0,3600.0,29.700000762939453,1,4.999833333333333
2026-03-03 12:00:00+08,8.0,3600.0,30.25,1,5.091583333333333
2026-03-03 13:00:00+08,10.0,3600.0,30.950000762939453,1,4.149583333333333
2026-03-03 14:00:00+08,1.0,3600.0,30.549999237060547,1,2.327583333333333
2026-03-03 15:00:00+08,42.0,3600.0,30.649999618530277,1,2.1245833333333333
2026-03-03 16:00:00+08,59.0,3600.0,29.899999618530277,1,1.717666666666667
2026-03-03 17:00:00+08,20.0,3600.0,28.600000381469727,1,0.3678333333333333
2026-03-03 18:00:00+08,12.0,3600.0,26.950000762939453,1,0.0
2026-03-03 19:00:00+08,28.0,0.0,25.850000381469727,0,0.0
2026-03-03 20:00:00+08,44.0,0.0,25.700000762939453,0,0.0
2026-03-03 21:00:00+08,19.0,0.0,25.549999237060547,0,0.0
2026-03-03 22:00:00+08,93.0,0.0,25.100000381469727,0,0.0
2026-03-03 23:00:00+08,97.0,0.0,24.450000762939453,0,0.0
2026-03-04 00:00:00+08,86.0,0.0,23.950000762939453,0,0.0
2026-03-04 01:00:00+08,88.0,0.0,23.549999237060547,0,0.0
2026-03-04 02:00:00+08,67.0,0.0,23.450000762939453,0,0.0
2026-03-04 03:00:00+08,76.0,0.0,23.25,0,0.0
2026-03-04 04:00:00+08,58.0,0.0,23.0,0,0.0
2026-03-04 05:00:00+08,99.0,0.0,22.799999237060547,0,0.0
2026-03-04 06:00:00+08,89.0,0.0,22.5,0,0.0829999999999999
2026-03-04 07:00:00+08,92.0,2758.16845703125,23.299999237060547,1,0.7894166666666667
2026-03-04 08:00:00+08,62.0,3600.0,25.399999618530277,1,2.9193333333333333
2026-03-04 09:00:00+08,18.0,3600.0,27.200000762939453,1,4.820166666666666
2026-03-04 10:00:00+08,20.0,3600.0,28.75,1,5.329583333333333
2026-03-04 11:00:00+08,6.0,3600.0,29.649999618530277,1,5.463166666666666
2026-03-04 12:00:00+08,5.0,3600.0,29.950000762939453,1,5.593166666666667
2026-03-04 13:00:00+08,13.0,3600.0,30.100000381469727,1,5.043
2026-03-04 14:00:00+08,5.0,3600.0,29.899999618530277,1,2.0123333333333333
2026-03-04 15:00:00+08,2.0,3600.0,30.049999237060547,1,2.0378333333333334
2026-03-04 16:00:00+08,1.0,3600.0,29.600000381469727,1,1.58375
2026-03-04 17:00:00+08,8.0,3600.0,28.200000762939453,1,0.3747499999999999
2026-03-04 18:00:00+08,8.0,3600.0,26.399999618530277,1,0.0
2026-03-04 19:00:00+08,4.0,0.0,25.5,0,0.0
2026-03-04 20:00:00+08,2.0,0.0,25.299999237060547,0,0.0
2026-03-04 21:00:00+08,1.0,0.0,25.049999237060547,0,0.0
2026-03-04 22:00:00+08,0.0,0.0,24.899999618530277,0,0.0
2026-03-04 23:00:00+08,0.0,0.0,24.700000762939453,0,0.0
2026-03-05 00:00:00+08,1.0,0.0,24.5,0,0.0
2026-03-05 01:00:00+08,2.0,0.0,24.149999618530277,0,0.0
2026-03-05 02:00:00+08,4.0,0.0,23.700000762939453,0,0.0
2026-03-05 03:00:00+08,2.0,0.0,23.350000381469727,0,0.0
2026-03-05 04:00:00+08,3.0,0.0,23.0,0,0.0
2026-03-05 05:00:00+08,21.0,0.0,22.700000762939453,0,0.0
2026-03-05 06:00:00+08,38.0,0.0,22.549999237060547,0,0.0994166666666666
2026-03-05 07:00:00+08,26.0,2668.869140625,23.200000762939453,1,0.8379166666666666
2026-03-05 08:00:00+08,5.0,3600.0,25.799999237060547,1,2.662
2026-03-05 09:00:00+08,31.0,3600.0,27.549999237060547,1,4.354333333333333
2026-03-05 10:00:00+08,18.0,3600.0,28.450000762939453,1,4.733583333333333
2026-03-05 11:00:00+08,15.0,3600.0,29.649999618530277,1,4.69725
2026-03-05 12:00:00+08,15.0,3600.0,30.399999618530277,1,5.096916666666666
2026-03-05 13:00:00+08,20.0,3600.0,30.899999618530277,1,4.548166666666667
2026-03-05 14:00:00+08,29.0,3600.0,30.5,1,3.1085
2026-03-05 15:00:00+08,13.0,3600.0,31.0,1,1.49825
2026-03-05 16:00:00+08,8.0,3600.0,30.700000762939453,1,1.3698333333333332
2026-03-05 17:00:00+08,7.0,3600.0,29.649999618530277,1,0.3495
2026-03-05 18:00:00+08,10.0,3600.0,27.850000381469727,1,0.0
2026-03-05 19:00:00+08,2.0,0.0,26.549999237060547,0,0.0
2026-03-05 20:00:00+08,15.0,0.0,26.100000381469727,0,0.0
2026-03-05 21:00:00+08,5.0,0.0,25.799999237060547,0,0.0
2026-03-05 22:00:00+08,5.0,0.0,25.5,0,0.0
2026-03-05 23:00:00+08,66.0,0.0,25.049999237060547,0,0.0
2026-03-06 00:00:00+08,32.0,0.0,24.899999618530277,0,0.0
2026-03-06 01:00:00+08,16.0,0.0,24.649999618530277,0,0.0
2026-03-06 02:00:00+08,56.0,0.0,24.649999618530277,0,0.0
2026-03-06 03:00:00+08,35.0,0.0,24.549999237060547,0,0.0
2026-03-06 04:00:00+08,84.0,0.0,24.149999618530277,0,0.0
2026-03-06 05:00:00+08,47.0,0.0,23.799999237060547,0,0.0
2026-03-06 06:00:00+08,90.0,0.0,23.450000762939453,0,0.1150833333333333
2026-03-06 07:00:00+08,91.0,2830.84619140625,24.049999237060547,1,0.08125
2026-03-06 09:00:00+08,94.0,3600.0,27.450000762939453,1,3.7884166666666665
2026-03-06 10:00:00+08,11.0,3600.0,28.049999237060547,1,5.68475
2026-03-06 11:00:00+08,55.0,3600.0,28.950000762939453,1,6.249666666666666
2026-03-06 12:00:00+08,6.0,3600.0,30.0,1,5.450583333333333
2026-03-06 13:00:00+08,7.0,3600.0,30.5,1,4.408083333333333
2026-03-06 14:00:00+08,33.0,3600.0,30.350000381469727,1,1.8634166666666665
2026-03-06 15:00:00+08,25.0,3600.0,30.399999618530277,1,1.3665833333333333
2026-03-06 16:00:00+08,48.0,3600.0,29.950000762939453,1,1.3315
2026-03-06 17:00:00+08,77.0,3600.0,28.799999237060547,1,0.4308333333333333
2026-03-06 18:00:00+08,96.0,3600.0,27.350000381469727,1,0.0
2026-03-06 19:00:00+08,92.0,0.0,26.549999237060547,0,0.0
2026-03-06 20:00:00+08,69.0,0.0,26.25,0,0.0
2026-03-06 21:00:00+08,64.0,0.0,25.850000381469727,0,0.0
2026-03-06 22:00:00+08,9.0,0.0,25.549999237060547,0,0.0
2026-03-06 23:00:00+08,9.0,0.0,25.350000381469727,0,0.0
2026-03-07 00:00:00+08,16.0,0.0,25.049999237060547,0,0.0
2026-03-07 01:00:00+08,23.0,0.0,24.799999237060547,0,0.0
2026-03-07 02:00:00+08,28.0,0.0,24.5,0,0.0
2026-03-07 03:00:00+08,27.0,0.0,24.200000762939453,0,0.0
2026-03-07 04:00:00+08,16.0,0.0,24.049999237060547,0,0.0
2026-03-07 05:00:00+08,9.0,0.0,23.950000762939453,0,0.0
2026-03-07 06:00:00+08,5.0,0.0,23.799999237060547,0,0.0880833333333333
2026-03-07 07:00:00+08,4.0,2868.45703125,24.450000762939453,1,0.8984166666666666
2026-03-07 08:00:00+08,8.0,3600.0,26.0,1,2.7494166666666664
2026-03-07 09:00:00+08,24.0,3600.0,26.899999618530277,1,4.297333333333333
2026-03-07 10:00:00+08,21.0,3600.0,27.649999618530277,1,4.82425
2026-03-07 11:00:00+08,5.0,3600.0,28.850000381469727,1,5.90775
2026-03-07 12:00:00+08,5.0,3600.0,29.649999618530277,1,6.006833333333333
2026-03-07 13:00:00+08,7.0,3600.0,30.25,1,3.35475
2026-03-07 14:00:00+08,7.0,3600.0,29.799999237060547,1,1.8923333333333328
2026-03-07 15:00:00+08,13.0,3600.0,29.350000381469727,1,1.65525
2026-03-07 16:00:00+08,45.0,3600.0,28.100000381469727,1,1.5006666666666666
2026-03-07 17:00:00+08,29.0,3600.0,27.299999237060547,1,0.5265833333333333
2026-03-07 18:00:00+08,20.0,3600.0,26.549999237060547,1,0.0
2026-03-07 19:00:00+08,19.0,0.0,26.149999618530277,0,0.0
2026-03-07 20:00:00+08,7.0,0.0,26.450000762939453,0,0.0
2026-03-07 21:00:00+08,5.0,0.0,26.200000762939453,0,0.0
2026-03-07 22:00:00+08,5.0,0.0,26.149999618530277,0,0.0
2026-03-07 23:00:00+08,20.0,0.0,25.799999237060547,0,0.0
2026-03-08 00:00:00+08,25.0,0.0,25.450000762939453,0,0.0
2026-03-08 01:00:00+08,50.0,0.0,25.350000381469727,0,0.0
2026-03-08 02:00:00+08,9.0,0.0,25.25,0,0.0
2026-03-08 03:00:00+08,26.0,0.0,24.5,0,0.0
2026-03-08 04:00:00+08,22.0,0.0,24.149999618530277,0,0.0
2026-03-08 05:00:00+08,28.0,0.0,23.899999618530277,0,0.0
2026-03-08 06:00:00+08,42.0,0.0,23.799999237060547,0,0.2096666666666666
2026-03-08 07:00:00+08,61.0,2906.808837890625,24.100000381469727,1,1.2326666666666666
2026-03-08 08:00:00+08,70.0,3600.0,25.149999618530277,1,2.12625
2026-03-08 09:00:00+08,19.0,3600.0,26.450000762939453,1,3.272333333333333
2026-03-08 10:00:00+08,17.0,3600.0,27.049999237060547,1,3.8559166666666655
2026-03-08 11:00:00+08,90.0,3600.0,27.850000381469727,1,3.7014166666666655
2026-03-08 12:00:00+08,96.0,3600.0,27.850000381469727,1,5.04825
2026-03-08 13:00:00+08,20.0,3600.0,28.0,1,5.434833333333333
2026-03-08 14:00:00+08,25.0,3600.0,27.049999237060547,1,3.944
2026-03-08 15:00:00+08,27.0,3600.0,26.600000381469727,1,1.7331666666666663
2026-03-08 16:00:00+08,22.0,3600.0,26.549999237060547,1,1.5168333333333333
2026-03-08 17:00:00+08,32.0,3600.0,25.75,1,0.3566666666666666
2026-03-08 18:00:00+08,90.0,3600.0,24.549999237060547,1,0.0
2026-03-08 19:00:00+08,86.0,0.0,24.149999618530277,0,0.0
2026-03-08 20:00:00+08,35.0,0.0,24.450000762939453,0,0.0
2026-03-08 21:00:00+08,62.0,0.0,24.299999237060547,0,0.0
2026-03-08 22:00:00+08,65.0,0.0,23.75,0,0.0
2026-03-08 23:00:00+08,98.0,0.0,23.899999618530277,0,0.0
2026-03-09 00:00:00+08,30.0,0.0,23.700000762939453,0,0.0
2026-03-09 01:00:00+08,52.0,0.0,23.700000762939453,0,0.0
2026-03-09 02:00:00+08,47.0,0.0,23.899999618530277,0,0.0
2026-03-09 03:00:00+08,82.0,0.0,24.049999237060547,0,0.0
2026-03-09 04:00:00+08,92.0,0.0,24.0,0,0.0
2026-03-09 05:00:00+08,96.0,0.0,23.700000762939453,0,0.0
2026-03-09 06:00:00+08,36.0,0.0,23.649999618530277,0,0.1646666666666666
2026-03-09 07:00:00+08,46.0,2945.83935546875,24.049999237060547,1,1.1510833333333332
2026-03-09 08:00:00+08,97.0,3600.0,24.950000762939453,1,3.398083333333333
2026-03-09 09:00:00+08,93.0,3600.0,25.899999618530277,1,4.6735
2026-03-09 10:00:00+08,64.0,3600.0,27.149999618530277,1,4.612666666666667
2026-03-09 11:00:00+08,88.0,3600.0,27.399999618530277,1,5.007583333333333
2026-03-09 12:00:00+08,33.0,3600.0,28.149999618530277,1,4.887333333333333
2026-03-09 13:00:00+08,41.0,3600.0,28.25,1,3.2339166666666666
2026-03-09 14:00:00+08,89.0,3600.0,28.600000381469727,1,2.1054166666666667
2026-03-09 15:00:00+08,92.0,3600.0,28.200000762939453,1,1.6620833333333334
2026-03-09 16:00:00+08,68.0,3600.0,27.600000381469727,1,1.836833333333333
2026-03-09 17:00:00+08,66.0,3600.0,26.799999237060547,1,0.4615833333333333
2026-03-09 18:00:00+08,60.0,3600.0,25.899999618530277,1,0.0
2026-03-09 19:00:00+08,87.0,0.0,25.049999237060547,0,0.0
2026-03-09 20:00:00+08,98.0,0.0,24.850000381469727,0,0.0
2026-03-09 21:00:00+08,100.0,0.0,24.799999237060547,0,0.0
2026-03-09 22:00:00+08,100.0,0.0,24.399999618530277,0,0.0
2026-03-09 23:00:00+08,80.0,0.0,24.399999618530277,0,0.0
2026-03-10 00:00:00+08,90.0,0.0,24.450000762939453,0,0.0
2026-03-10 01:00:00+08,100.0,0.0,24.350000381469727,0,0.0
2026-03-10 02:00:00+08,100.0,0.0,23.899999618530277,0,0.0
2026-03-10 03:00:00+08,98.0,0.0,23.700000762939453,0,0.0
2026-03-10 04:00:00+08,100.0,0.0,23.75,0,0.0
2026-03-10 05:00:00+08,100.0,0.0,23.600000381469727,0,0.0
2026-03-10 06:00:00+08,100.0,0.0,23.0,0,0.2009999999999999
2026-03-10 07:00:00+08,25.0,1129.48388671875,23.5,1,1.0375
2026-03-10 08:00:00+08,7.0,3600.0,24.799999237060547,1,3.1671666666666667
2026-03-10 09:00:00+08,16.0,3600.0,26.0,1,4.200166666666666
2026-03-10 10:00:00+08,9.0,3600.0,27.0,1,4.703833333333333
2026-03-10 11:00:00+08,38.0,3600.0,27.75,1,4.777083333333334
2026-03-10 12:00:00+08,22.0,3600.0,27.649999618530277,1,5.030583333333333
2026-03-10 13:00:00+08,19.0,3600.0,27.899999618530277,1,1.6434166666666663
2026-03-10 14:00:00+08,32.0,3600.0,27.649999618530277,1,1.21275
2026-03-10 15:00:00+08,26.0,3600.0,27.299999237060547,1,1.6490833333333332
2026-03-10 16:00:00+08,11.0,3600.0,26.5,1,1.7541666666666669
2026-03-10 17:00:00+08,17.0,3600.0,25.600000381469727,1,0.3575
2026-03-10 18:00:00+08,12.0,3600.0,24.600000381469727,1,0.0
2026-03-10 19:00:00+08,11.0,0.0,23.799999237060547,0,0.0
2026-03-10 20:00:00+08,13.0,0.0,23.799999237060547,0,0.0
2026-03-10 21:00:00+08,8.0,0.0,23.649999618530277,0,0.0
2026-03-10 22:00:00+08,2.0,0.0,23.450000762939453,0,0.0
2026-03-10 23:00:00+08,4.0,0.0,23.399999618530277,0,0.0
2026-03-11 00:00:00+08,2.0,0.0,23.350000381469727,0,0.0
2026-03-11 01:00:00+08,1.0,0.0,23.25,0,0.0
2026-03-11 02:00:00+08,13.0,0.0,23.200000762939453,0,0.0
2026-03-11 03:00:00+08,5.0,0.0,23.149999618530277,0,0.0
2026-03-11 04:00:00+08,2.0,0.0,23.049999237060547,0,0.0
2026-03-11 05:00:00+08,2.0,0.0,22.850000381469727,0,0.0
2026-03-11 06:00:00+08,4.0,0.0,22.75,0,0.1365833333333333
2026-03-11 07:00:00+08,2.0,3025.59521484375,23.5,1,0.9908333333333332
2026-03-11 08:00:00+08,2.0,3600.0,24.299999237060547,1,3.1241666666666665
2026-03-11 09:00:00+08,3.0,3600.0,25.299999237060547,1,4.634666666666667
2026-03-11 10:00:00+08,9.0,3600.0,26.600000381469727,1,4.403333333333333
2026-03-11 11:00:00+08,2.0,3600.0,27.649999618530277,1,4.546083333333333
2026-03-11 12:00:00+08,9.0,3600.0,28.5,1,4.608333333333333
2026-03-11 13:00:00+08,47.0,3600.0,28.649999618530277,1,3.5704166666666666
2026-03-11 14:00:00+08,35.0,3600.0,28.350000381469727,1,1.7799166666666666
2026-03-11 15:00:00+08,16.0,3600.0,28.100000381469727,1,1.842833333333333
2026-03-11 16:00:00+08,27.0,3600.0,27.200000762939453,1,1.6023333333333334
2026-03-11 17:00:00+08,69.0,3600.0,26.049999237060547,1,0.4009999999999999
2026-03-11 18:00:00+08,80.0,3600.0,24.649999618530277,1,0.0
2026-03-11 19:00:00+08,21.0,0.0,24.149999618530277,0,0.0
2026-03-11 20:00:00+08,9.0,0.0,24.5,0,0.0
2026-03-11 21:00:00+08,6.0,0.0,24.350000381469727,0,0.0
2026-03-11 22:00:00+08,2.0,0.0,24.100000381469727,0,0.0
2026-03-11 23:00:00+08,3.0,0.0,23.799999237060547,0,0.0
2026-03-12 00:00:00+08,1.0,0.0,23.5,0,0.0
2026-03-12 01:00:00+08,0.0,0.0,23.299999237060547,0,0.0
2026-03-12 02:00:00+08,2.0,0.0,22.950000762939453,0,0.0
2026-03-12 03:00:00+08,0.0,0.0,22.600000381469727,0,0.0
2026-03-12 04:00:00+08,0.0,0.0,22.450000762939453,0,0.0
2026-03-12 05:00:00+08,0.0,0.0,22.299999237060547,0,0.0
2026-03-12 06:00:00+08,0.0,0.0,22.200000762939453,0,0.1147499999999999
2026-03-12 07:00:00+08,5.0,3066.17626953125,22.950000762939453,1,1.0173333333333332
2026-03-12 08:00:00+08,4.0,3600.0,25.149999618530277,1,3.016583333333333
2026-03-12 09:00:00+08,4.0,3600.0,26.0,1,4.457416666666666
2026-03-12 10:00:00+08,3.0,3600.0,26.700000762939453,1,4.792416666666666
2026-03-12 11:00:00+08,1.0,3600.0,27.950000762939453,1,5.213916666666666
2026-03-12 12:00:00+08,9.0,3600.0,29.200000762939453,1,5.8755
2026-03-12 13:00:00+08,3.0,3600.0,29.450000762939453,1,3.175333333333333
2026-03-12 14:00:00+08,9.0,3600.0,29.5,1,1.9994166666666664
2026-03-12 15:00:00+08,26.0,3600.0,29.149999618530277,1,1.722
2026-03-12 16:00:00+08,30.0,3600.0,28.100000381469727,1,1.6563333333333332
2026-03-12 17:00:00+08,9.0,3600.0,26.950000762939453,1,0.4495833333333333
2026-03-12 18:00:00+08,22.0,3600.0,25.649999618530277,1,0.0
2026-03-12 19:00:00+08,30.0,0.0,24.600000381469727,0,0.0
2026-03-12 20:00:00+08,23.0,0.0,24.200000762939453,0,0.0
2026-03-12 21:00:00+08,27.0,0.0,24.25,0,0.0
2026-03-12 22:00:00+08,72.0,0.0,24.0,0,0.0
2026-03-12 23:00:00+08,60.0,0.0,23.600000381469727,0,0.0
2026-03-13 00:00:00+08,79.0,0.0,22.899999618530277,0,0.0
2026-03-13 01:00:00+08,99.0,0.0,22.5,0,0.0
2026-03-13 02:00:00+08,98.0,0.0,21.850000381469727,0,0.0
2026-03-13 03:00:00+08,100.0,0.0,21.850000381469727,0,0.0
2026-03-13 04:00:00+08,87.0,0.0,21.850000381469727,0,0.0
2026-03-13 05:00:00+08,54.0,0.0,21.700000762939453,0,0.0
2026-03-13 06:00:00+08,26.0,0.0,21.549999237060547,0,0.1544166666666666
2026-03-13 07:00:00+08,24.0,3107.124755859375,22.200000762939453,1,1.0955833333333334
2026-03-13 08:00:00+08,27.0,3600.0,22.700000762939453,1,2.999
2026-03-13 09:00:00+08,32.0,3600.0,24.149999618530277,1,3.08625
2026-03-13 10:00:00+08,49.0,3600.0,24.850000381469727,1,4.192666666666667
2026-03-13 11:00:00+08,27.0,3600.0,25.049999237060547,1,3.87275
2026-03-13 12:00:00+08,23.0,3600.0,25.299999237060547,1,4.319416666666666
2026-03-13 13:00:00+08,38.0,3600.0,26.100000381469727,1,4.562833333333333
2026-03-13 14:00:00+08,20.0,3600.0,25.549999237060547,1,2.000833333333333
2026-03-13 15:00:00+08,33.0,3600.0,25.799999237060547,1,1.6088333333333331
2026-03-13 16:00:00+08,17.0,3600.0,25.149999618530277,1,1.0894166666666667
2026-03-13 17:00:00+08,15.0,3600.0,24.299999237060547,1,0.4193333333333333
2026-03-13 18:00:00+08,30.0,3600.0,23.399999618530277,1,0.0
2026-03-13 19:00:00+08,20.0,0.0,22.700000762939453,0,0.0
2026-03-13 20:00:00+08,21.0,0.0,22.799999237060547,0,0.0
2026-03-13 21:00:00+08,11.0,0.0,22.5,0,0.0
2026-03-13 22:00:00+08,52.0,0.0,22.200000762939453,0,0.0
2026-03-13 23:00:00+08,35.0,0.0,22.299999237060547,0,0.0
2026-03-14 00:00:00+08,19.0,0.0,22.149999618530277,0,0.0
2026-03-14 01:00:00+08,23.0,0.0,21.600000381469727,0,0.0
2026-03-14 02:00:00+08,20.0,0.0,21.350000381469727,0,0.0
2026-03-14 03:00:00+08,30.0,0.0,21.75,0,0.0
2026-03-14 04:00:00+08,16.0,0.0,22.350000381469727,0,0.0
2026-03-14 05:00:00+08,16.0,0.0,22.100000381469727,0,0.0
2026-03-14 06:00:00+08,22.0,0.0,21.950000762939453,0,0.1805833333333333
2026-03-14 07:00:00+08,40.0,3148.361572265625,22.25,1,1.12825
2026-03-14 08:00:00+08,13.0,3600.0,23.700000762939453,1,3.23275
2026-03-14 09:00:00+08,35.0,3600.0,24.75,1,3.3888333333333334
2026-03-14 10:00:00+08,40.0,3600.0,24.950000762939453,1,3.294583333333333
2026-03-14 11:00:00+08,47.0,3600.0,25.850000381469727,1,4.785333333333333
2026-03-14 12:00:00+08,28.0,3600.0,26.200000762939453,1,2.4370833333333333
2026-03-14 13:00:00+08,93.0,3600.0,26.799999237060547,1,1.48175
2026-03-14 14:00:00+08,14.0,3600.0,25.850000381469727,1,1.2418333333333331
2026-03-14 15:00:00+08,13.0,3600.0,25.799999237060547,1,1.0721666666666667
2026-03-14 16:00:00+08,20.0,3600.0,25.549999237060547,1,1.4109166666666666
2026-03-14 17:00:00+08,30.0,3600.0,24.299999237060547,1,0.4519999999999999
2026-03-14 18:00:00+08,9.0,3600.0,23.649999618530277,1,0.0
2026-03-14 19:00:00+08,13.0,0.0,23.25,0,0.0
2026-03-14 20:00:00+08,13.0,0.0,23.0,0,0.0
2026-03-14 21:00:00+08,10.0,0.0,22.899999618530277,0,0.0
2026-03-14 22:00:00+08,9.0,0.0,22.100000381469727,0,0.0
2026-03-14 23:00:00+08,2.0,0.0,22.149999618530277,0,0.0
2026-03-15 00:00:00+08,3.0,0.0,22.350000381469727,0,0.0
2026-03-15 01:00:00+08,10.0,0.0,22.049999237060547,0,0.0
2026-03-15 02:00:00+08,13.0,0.0,21.950000762939453,0,0.0
2026-03-15 03:00:00+08,2.0,0.0,21.75,0,0.0
2026-03-15 04:00:00+08,16.0,0.0,21.899999618530277,0,0.0
2026-03-15 05:00:00+08,4.0,0.0,22.25,0,0.0
2026-03-15 06:00:00+08,7.0,0.0,21.75,0,0.1631666666666666
2026-03-15 07:00:00+08,5.0,3189.824462890625,22.049999237060547,1,1.1724166666666669
2026-03-15 08:00:00+08,5.0,3600.0,22.899999618530277,1,2.9191666666666665
2026-03-15 09:00:00+08,4.0,3600.0,24.100000381469727,1,4.00075
2026-03-15 10:00:00+08,9.0,3600.0,25.299999237060547,1,4.537833333333333
2026-03-15 11:00:00+08,9.0,3600.0,26.450000762939453,1,4.7545
2026-03-15 12:00:00+08,27.0,3600.0,26.899999618530277,1,1.815
2026-03-15 13:00:00+08,77.0,3600.0,27.049999237060547,1,1.14325
2026-03-15 14:00:00+08,82.0,3600.0,26.649999618530277,1,1.8145
2026-03-15 15:00:00+08,20.0,3600.0,26.100000381469727,1,1.60825
2026-03-15 16:00:00+08,17.0,3600.0,25.899999618530277,1,1.5019166666666666
2026-03-15 17:00:00+08,18.0,3600.0,23.799999237060547,1,0.4419166666666666
2026-03-15 18:00:00+08,14.0,3600.0,23.450000762939453,1,0.0
2026-03-15 19:00:00+08,22.0,0.0,22.549999237060547,0,0.0
2026-03-15 20:00:00+08,20.0,0.0,22.600000381469727,0,0.0
2026-03-15 21:00:00+08,9.0,0.0,22.700000762939453,0,0.0
2026-03-15 22:00:00+08,3.0,0.0,22.25,0,0.0
2026-03-15 23:00:00+08,3.0,0.0,22.149999618530277,0,0.0
2026-03-16 00:00:00+08,3.0,0.0,22.149999618530277,0,0.0
2026-03-16 01:00:00+08,1.0,0.0,21.399999618530277,0,0.0
2026-03-16 02:00:00+08,14.0,0.0,21.700000762939453,0,0.0
2026-03-16 03:00:00+08,5.0,0.0,21.5,0,0.0
2026-03-16 04:00:00+08,15.0,0.0,21.200000762939453,0,0.0
2026-03-16 05:00:00+08,16.0,0.0,21.25,0,0.0
2026-03-16 06:00:00+08,9.0,0.0,20.649999618530277,0,0.107
2026-03-16 07:00:00+08,32.0,3231.43212890625,21.450000762939453,1,1.1821666666666666
2026-03-16 08:00:00+08,6.0,3600.0,22.799999237060547,1,2.0755833333333333
2026-03-16 09:00:00+08,21.0,3600.0,24.049999237060547,1,3.6421666666666654
2026-03-16 10:00:00+08,18.0,3600.0,25.299999237060547,1,3.572
2026-03-16 11:00:00+08,26.0,3600.0,26.200000762939453,1,4.36025
2026-03-16 12:00:00+08,27.0,3600.0,26.799999237060547,1,4.897583333333333
2026-03-16 13:00:00+08,19.0,3600.0,27.049999237060547,1,3.741083333333333
2026-03-16 14:00:00+08,36.0,3600.0,26.149999618530277,1,1.6413333333333333
2026-03-16 15:00:00+08,30.0,3600.0,25.450000762939453,1,1.6345833333333333
2026-03-16 16:00:00+08,15.0,3600.0,25.25,1,1.5911666666666666
2026-03-16 17:00:00+08,27.0,3600.0,24.5,1,0.3764166666666667
2026-03-16 18:00:00+08,14.0,3600.0,23.299999237060547,1,0.0
2026-03-16 19:00:00+08,17.0,0.0,22.700000762939453,0,0.0
2026-03-16 20:00:00+08,17.0,0.0,22.950000762939453,0,0.0
2026-03-16 21:00:00+08,15.0,0.0,22.5,0,0.0
2026-03-16 22:00:00+08,19.0,0.0,22.299999237060547,0,0.0
2026-03-16 23:00:00+08,24.0,0.0,22.0,0,0.0
2026-03-17 00:00:00+08,23.0,0.0,21.899999618530277,0,0.0
2026-03-17 01:00:00+08,30.0,0.0,21.700000762939453,0,0.0
2026-03-17 02:00:00+08,34.0,0.0,21.399999618530277,0,0.0
2026-03-17 03:00:00+08,20.0,0.0,21.149999618530277,0,0.0
2026-03-17 04:00:00+08,34.0,0.0,20.950000762939453,0,0.0
2026-03-17 05:00:00+08,15.0,0.0,20.950000762939453,0,0.0
2026-03-17 06:00:00+08,20.0,0.0,20.899999618530277,0,0.1336666666666666
2026-03-17 07:00:00+08,27.0,3273.0986328125,22.200000762939453,1,1.2981666666666667
2026-03-17 08:00:00+08,36.0,3600.0,23.350000381469727,1,2.605833333333333
2026-03-17 09:00:00+08,29.0,3600.0,24.600000381469727,1,4.138333333333333
2026-03-17 10:00:00+08,44.0,3600.0,25.600000381469727,1,4.432
2026-03-17 11:00:00+08,20.0,3600.0,26.149999618530277,1,4.727166666666666
2026-03-17 12:00:00+08,18.0,3600.0,27.299999237060547,1,4.778333333333333
2026-03-17 13:00:00+08,26.0,3600.0,27.75,1,3.87575
2026-03-17 14:00:00+08,13.0,3600.0,27.75,1,1.64975
2026-03-17 15:00:00+08,5.0,3600.0,27.700000762939453,1,1.6421666666666666
2026-03-17 16:00:00+08,7.0,3600.0,27.25,1,1.5598333333333332
2026-03-17 17:00:00+08,11.0,3600.0,25.899999618530277,1,0.3181666666666666
2026-03-17 18:00:00+08,12.0,3600.0,24.75,1,0.0
2026-03-17 19:00:00+08,9.0,0.0,24.049999237060547,0,0.0
2026-03-17 20:00:00+08,43.0,0.0,23.350000381469727,0,0.0
2026-03-17 21:00:00+08,73.0,0.0,23.100000381469727,0,0.0
2026-03-17 22:00:00+08,86.0,0.0,23.0,0,0.0
2026-03-17 23:00:00+08,97.0,0.0,22.799999237060547,0,0.0
2026-03-18 00:00:00+08,91.0,0.0,22.75,0,0.0
2026-03-18 01:00:00+08,79.0,0.0,22.600000381469727,0,0.0
2026-03-18 02:00:00+08,96.0,0.0,22.600000381469727,0,0.0
2026-03-18 03:00:00+08,66.0,0.0,22.399999618530277,0,0.0
2026-03-18 04:00:00+08,41.0,0.0,22.399999618530277,0,0.0
2026-03-18 05:00:00+08,17.0,0.0,22.5,0,0.0
2026-03-18 06:00:00+08,23.0,0.0,22.25,0,0.27025
2026-03-18 07:00:00+08,20.0,3314.774658203125,23.100000381469727,1,1.3851666666666669
2026-03-18 08:00:00+08,19.0,3600.0,24.450000762939453,1,1.8989166666666664
2026-03-18 09:00:00+08,42.0,3600.0,25.75,1,3.021166666666667
2026-03-18 10:00:00+08,32.0,3600.0,26.700000762939453,1,3.5098333333333334
2026-03-18 11:00:00+08,33.0,3600.0,27.950000762939453,1,3.61775
2026-03-18 12:00:00+08,45.0,3600.0,27.950000762939453,1,3.873583333333333
2026-03-18 13:00:00+08,16.0,3600.0,29.049999237060547,1,4.122916666666667
2026-03-18 14:00:00+08,16.0,3600.0,28.600000381469727,1,4.008
2026-03-18 15:00:00+08,15.0,3600.0,28.049999237060547,1,3.619583333333333
2026-03-18 16:00:00+08,16.0,3600.0,27.799999237060547,1,2.189083333333333
2026-03-18 17:00:00+08,10.0,3600.0,26.950000762939453,1,0.4196666666666666
2026-03-18 18:00:00+08,13.0,3600.0,25.850000381469727,1,8.333333333333333e-05
2026-03-18 19:00:00+08,12.0,0.0,25.149999618530277,0,0.0
2026-03-18 20:00:00+08,10.0,0.0,24.950000762939453,0,0.0
2026-03-18 21:00:00+08,5.0,0.0,24.799999237060547,0,0.0
2026-03-18 22:00:00+08,5.0,0.0,24.350000381469727,0,0.0
2026-03-18 23:00:00+08,13.0,0.0,23.899999618530277,0,0.0
2026-03-19 00:00:00+08,19.0,0.0,23.600000381469727,0,0.0
2026-03-19 01:00:00+08,8.0,0.0,23.350000381469727,0,0.0
2026-03-19 02:00:00+08,13.0,0.0,23.200000762939453,0,0.0
2026-03-19 03:00:00+08,10.0,0.0,23.100000381469727,0,0.0
2026-03-19 04:00:00+08,9.0,0.0,22.799999237060547,0,0.0
2026-03-19 05:00:00+08,13.0,0.0,22.649999618530277,0,0.00025
2026-03-19 06:00:00+08,12.0,0.0,22.549999237060547,0,0.1906666666666666
2026-03-19 07:00:00+08,16.0,3356.355712890625,23.399999618530277,1,1.1548333333333334
2026-03-19 08:00:00+08,20.0,3600.0,24.299999237060547,1,2.8070833333333334
2026-03-19 09:00:00+08,22.0,3600.0,25.649999618530277,1,4.76425
2026-03-19 10:00:00+08,11.0,3600.0,27.100000381469727,1,4.314583333333333
2026-03-19 11:00:00+08,5.0,3600.0,28.350000381469727,1,4.884083333333333
2026-03-19 12:00:00+08,2.0,3600.0,28.850000381469727,1,5.717
2026-03-19 13:00:00+08,2.0,3600.0,29.549999237060547,1,3.527833333333333
2026-03-19 14:00:00+08,2.0,3600.0,29.299999237060547,1,1.7514166666666666
2026-03-19 15:00:00+08,2.0,3600.0,28.850000381469727,1,1.56525
2026-03-19 16:00:00+08,1.0,3600.0,28.200000762939453,1,1.5556666666666663
2026-03-19 17:00:00+08,55.0,3600.0,27.100000381469727,1,0.417
2026-03-19 18:00:00+08,6.0,3600.0,25.799999237060547,1,0.0003333333333333
2026-03-19 19:00:00+08,1.0,0.0,24.899999618530277,0,0.0
2026-03-19 20:00:00+08,3.0,0.0,25.100000381469727,0,0.0
2026-03-19 21:00:00+08,2.0,0.0,24.899999618530277,0,0.0
2026-03-19 22:00:00+08,3.0,0.0,24.600000381469727,0,0.0
2026-03-19 23:00:00+08,2.0,0.0,24.299999237060547,0,0.0
2026-03-20 00:00:00+08,1.0,0.0,24.149999618530277,0,0.0
2026-03-20 01:00:00+08,2.0,0.0,23.899999618530277,0,0.0
2026-03-20 02:00:00+08,0.0,0.0,23.299999237060547,0,0.0
2026-03-20 03:00:00+08,0.0,0.0,23.100000381469727,0,0.0
2026-03-20 04:00:00+08,6.0,0.0,23.049999237060547,0,0.0
2026-03-20 05:00:00+08,10.0,0.0,22.950000762939453,0,0.0
2026-03-20 06:00:00+08,11.0,0.0,22.850000381469727,0,0.1468333333333333
2026-03-20 07:00:00+08,13.0,3397.782958984375,23.899999618530277,1,1.143
2026-03-20 08:00:00+08,1.0,3600.0,25.350000381469727,1,3.352333333333333
2026-03-20 09:00:00+08,6.0,3600.0,26.549999237060547,1,4.726
2026-03-20 10:00:00+08,14.0,3600.0,27.799999237060547,1,4.867999999999999
2026-03-20 11:00:00+08,6.0,3600.0,28.25,1,5.113666666666666
2026-03-20 12:00:00+08,12.0,3600.0,28.600000381469727,1,5.18325
2026-03-20 13:00:00+08,80.0,3600.0,28.75,1,3.48075
2026-03-20 14:00:00+08,89.0,3600.0,28.450000762939453,1,2.2726666666666664
2026-03-20 15:00:00+08,81.0,3600.0,28.549999237060547,1,1.6000833333333333
2026-03-20 16:00:00+08,91.0,3600.0,27.950000762939453,1,1.55025
2026-03-20 17:00:00+08,56.0,3600.0,27.149999618530277,1,0.44325
2026-03-20 18:00:00+08,59.0,3600.0,25.850000381469727,1,0.0
2026-03-20 19:00:00+08,66.0,0.0,25.0,0,0.0
2026-03-20 20:00:00+08,70.0,0.0,24.950000762939453,0,0.0
2026-03-20 21:00:00+08,17.0,0.0,24.649999618530277,0,0.0
2026-03-20 22:00:00+08,0.0,0.0,24.200000762939453,0,0.0
2026-03-20 23:00:00+08,0.0,0.0,23.950000762939453,0,0.0
2026-03-21 00:00:00+08,1.0,0.0,23.899999618530277,0,0.0
2026-03-21 01:00:00+08,3.0,0.0,23.600000381469727,0,0.0
2026-03-21 02:00:00+08,0.0,0.0,23.100000381469727,0,0.0
2026-03-21 03:00:00+08,0.0,0.0,23.049999237060547,0,0.0
2026-03-21 04:00:00+08,2.0,0.0,22.950000762939453,0,0.0
2026-03-21 05:00:00+08,1.0,0.0,23.049999237060547,0,0.0
2026-03-21 06:00:00+08,0.0,0.0,23.0,1,0.1260833333333333
2026-03-21 07:00:00+08,0.0,3438.983642578125,24.0,1,1.1373333333333333
2026-03-21 08:00:00+08,2.0,3600.0,25.350000381469727,1,3.3655833333333334
2026-03-21 09:00:00+08,0.0,3600.0,26.399999618530277,1,4.750416666666666
2026-03-21 10:00:00+08,1.0,3600.0,27.600000381469727,1,4.8285
2026-03-21 11:00:00+08,3.0,3600.0,28.549999237060547,1,5.2450833333333335
2026-03-21 12:00:00+08,9.0,3600.0,29.200000762939453,1,5.522583333333333
2026-03-21 13:00:00+08,1.0,3600.0,29.799999237060547,1,2.4204166666666667
2026-03-21 14:00:00+08,16.0,3600.0,30.149999618530277,1,1.4568333333333332
2026-03-21 15:00:00+08,5.0,3600.0,30.200000762939453,1,1.9760833333333327
2026-03-21 16:00:00+08,2.0,3600.0,29.049999237060547,1,1.657
2026-03-21 17:00:00+08,0.0,3600.0,27.549999237060547,1,0.4376666666666666
2026-03-21 18:00:00+08,1.0,3600.0,26.100000381469727,1,0.0
2026-03-21 19:00:00+08,2.0,0.0,25.350000381469727,0,0.0
2026-03-21 20:00:00+08,2.0,0.0,25.200000762939453,0,0.0
2026-03-21 21:00:00+08,1.0,0.0,24.799999237060547,0,0.0
2026-03-21 22:00:00+08,1.0,0.0,24.399999618530277,0,0.0
2026-03-21 23:00:00+08,5.0,0.0,24.0,0,0.0
2026-03-22 00:00:00+08,5.0,0.0,23.399999618530277,0,0.0
2026-03-22 01:00:00+08,53.0,0.0,22.950000762939453,0,0.0
2026-03-22 02:00:00+08,59.0,0.0,22.5,0,0.0
2026-03-22 03:00:00+08,77.0,0.0,22.399999618530277,0,0.0
2026-03-22 04:00:00+08,66.0,0.0,22.25,0,0.0
2026-03-22 05:00:00+08,64.0,0.0,22.200000762939453,0,0.0
2026-03-22 06:00:00+08,72.0,0.0,22.25,1,0.2643333333333333
2026-03-22 07:00:00+08,80.0,3479.8759765625,23.200000762939453,1,1.07925
2026-03-22 08:00:00+08,49.0,3600.0,23.799999237060547,1,1.2718333333333334
2026-03-22 09:00:00+08,39.0,3600.0,25.200000762939453,1,3.8484166666666666
2026-03-22 10:00:00+08,23.0,3600.0,26.649999618530277,1,4.6154166666666665
2026-03-22 11:00:00+08,11.0,3600.0,27.350000381469727,1,5.57525
2026-03-22 12:00:00+08,15.0,3600.0,28.0,1,5.469416666666667
2026-03-22 13:00:00+08,18.0,3600.0,28.549999237060547,1,5.866916666666667
2026-03-22 14:00:00+08,5.0,3600.0,28.299999237060547,1,1.5520833333333333
2026-03-22 15:00:00+08,7.0,3600.0,28.350000381469727,1,2.24075
2026-03-22 16:00:00+08,5.0,3600.0,28.049999237060547,1,1.83075
2026-03-22 17:00:00+08,34.0,3600.0,27.25,1,0.4855
2026-03-22 18:00:00+08,1.0,3600.0,26.049999237060547,1,0.0011666666666666
2026-03-22 19:00:00+08,69.0,0.0,25.049999237060547,0,0.0
2026-03-22 20:00:00+08,0.0,0.0,24.899999618530277,0,0.0
2026-03-22 21:00:00+08,1.0,0.0,24.549999237060547,0,0.0
2026-03-22 22:00:00+08,2.0,0.0,24.25,0,0.0
2026-03-22 23:00:00+08,1.0,0.0,24.0,0,0.0
2026-03-23 00:00:00+08,1.0,0.0,23.75,0,0.0
2026-03-23 01:00:00+08,0.0,0.0,23.450000762939453,0,0.0
2026-03-23 02:00:00+08,0.0,0.0,23.049999237060547,0,0.0
2026-03-23 03:00:00+08,0.0,0.0,22.899999618530277,0,0.0
2026-03-23 04:00:00+08,0.0,0.0,22.75,0,0.0
2026-03-23 05:00:00+08,0.0,0.0,22.549999237060547,0,8.333333333333333e-05
2026-03-23 06:00:00+08,1.0,0.0,22.5,1,0.1761666666666666
2026-03-23 07:00:00+08,0.0,3520.3916015625,23.899999618530277,1,1.2026666666666666
2026-03-23 08:00:00+08,0.0,3600.0,25.649999618530277,1,3.3136666666666668
2026-03-23 09:00:00+08,3.0,3600.0,26.75,1,4.515916666666667
2026-03-23 10:00:00+08,27.0,3600.0,27.799999237060547,1,4.181416666666666
2026-03-23 11:00:00+08,20.0,3600.0,28.600000381469727,1,4.494916666666667
2026-03-23 12:00:00+08,2.0,3600.0,29.0,1,4.911416666666667
2026-03-23 13:00:00+08,5.0,3600.0,29.5,1,1.6935833333333332
2026-03-23 14:00:00+08,21.0,3600.0,29.549999237060547,1,2.24575
2026-03-23 15:00:00+08,13.0,3600.0,29.299999237060547,1,2.291
2026-03-23 16:00:00+08,9.0,3600.0,28.950000762939453,1,1.8954166666666663
2026-03-23 17:00:00+08,6.0,3600.0,27.899999618530277,1,0.4781666666666666
2026-03-23 18:00:00+08,1.0,3600.0,26.5,1,0.0008333333333333
2026-03-23 19:00:00+08,0.0,0.0,25.549999237060547,0,0.0
2026-03-23 20:00:00+08,0.0,0.0,24.899999618530277,0,0.0
2026-03-23 21:00:00+08,0.0,0.0,24.700000762939453,0,0.0
2026-03-23 22:00:00+08,0.0,0.0,24.299999237060547,0,0.0
2026-03-23 23:00:00+08,0.0,0.0,23.850000381469727,0,0.0
2026-03-24 00:00:00+08,0.0,0.0,23.450000762939453,0,0.0
2026-03-24 01:00:00+08,0.0,0.0,23.149999618530277,0,0.0
2026-03-24 02:00:00+08,0.0,0.0,22.649999618530277,0,0.0
2026-03-24 03:00:00+08,0.0,0.0,22.299999237060547,0,0.0
2026-03-24 04:00:00+08,0.0,0.0,21.950000762939453,0,0.0
2026-03-24 05:00:00+08,0.0,0.0,21.75,0,0.00025
2026-03-24 06:00:00+08,0.0,0.0,21.700000762939453,1,0.1706666666666666
2026-03-24 07:00:00+08,0.0,3560.91064453125,22.950000762939453,1,1.3130833333333334
2026-03-24 08:00:00+08,0.0,3600.0,25.149999618530277,1,3.35225
2026-03-24 09:00:00+08,0.0,3600.0,26.549999237060547,1,4.722416666666667
2026-03-24 10:00:00+08,0.0,3600.0,27.700000762939453,1,4.617166666666667
2026-03-24 11:00:00+08,2.0,3600.0,28.700000762939453,1,4.965333333333334
2026-03-24 12:00:00+08,2.0,3600.0,29.25,1,5.170166666666667
2026-03-24 13:00:00+08,14.0,3600.0,29.5,1,2.75625
2026-03-24 14:00:00+08,6.0,3600.0,29.600000381469727,1,1.9875
2026-03-24 15:00:00+08,1.0,3600.0,30.049999237060547,1,1.9958333333333331
2026-03-24 16:00:00+08,0.0,3600.0,29.450000762939453,1,1.9645
2026-03-24 17:00:00+08,0.0,3600.0,27.399999618530277,1,0.4643333333333333
2026-03-24 18:00:00+08,0.0,3600.0,26.25,1,0.0001666666666666
2026-03-24 19:00:00+08,2.0,0.0,25.700000762939453,0,0.0
2026-03-24 20:00:00+08,0.0,0.0,25.399999618530277,0,0.0
2026-03-24 21:00:00+08,2.0,0.0,25.049999237060547,0,0.0
2026-03-24 22:00:00+08,6.0,0.0,24.700000762939453,0,0.0
2026-03-24 23:00:00+08,13.0,0.0,24.5,0,0.0
2026-03-25 00:00:00+08,20.0,0.0,24.299999237060547,0,0.0
2026-03-25 01:00:00+08,30.0,0.0,24.200000762939453,0,0.0
2026-03-25 02:00:00+08,44.0,0.0,24.0,0,0.0
2026-03-25 03:00:00+08,20.0,0.0,24.100000381469727,0,0.0
2026-03-25 04:00:00+08,13.0,0.0,23.799999237060547,0,0.0
2026-03-25 05:00:00+08,31.0,0.0,23.700000762939453,0,0.00025
2026-03-25 06:00:00+08,15.0,0.0,23.799999237060547,1,0.2019999999999999
2026-03-25 07:00:00+08,15.0,3600.0,24.899999618530277,1,1.1374166666666663
2026-03-25 08:00:00+08,16.0,3600.0,26.049999237060547,1,3.4224166666666664
2026-03-25 09:00:00+08,27.0,3600.0,27.25,1,4.695749999999999
2026-03-25 10:00:00+08,63.0,3600.0,27.75,1,4.804916666666666
2026-03-25 11:00:00+08,78.0,3600.0,28.700000762939453,1,4.989083333333333
2026-03-25 12:00:00+08,46.0,3600.0,29.700000762939453,1,4.948833333333333
2026-03-25 13:00:00+08,63.0,3600.0,30.700000762939453,1,4.65875
2026-03-25 14:00:00+08,25.0,3600.0,30.5,1,2.10125
2026-03-25 15:00:00+08,27.0,3600.0,30.700000762939453,1,2.123666666666667
2026-03-25 16:00:00+08,15.0,3600.0,29.899999618530277,1,1.8601666666666663
2026-03-25 17:00:00+08,15.0,3600.0,28.549999237060547,1,0.3556666666666666
2026-03-25 18:00:00+08,20.0,3600.0,27.200000762939453,1,0.0
2026-03-25 19:00:00+08,14.0,0.0,26.450000762939453,0,0.0
2026-03-25 20:00:00+08,14.0,0.0,25.950000762939453,0,0.0
2026-03-25 21:00:00+08,22.0,0.0,25.700000762939453,0,0.0
2026-03-25 22:00:00+08,36.0,0.0,25.549999237060547,0,0.0
2026-03-25 23:00:00+08,33.0,0.0,25.450000762939453,0,0.0
2026-03-26 00:00:00+08,34.0,0.0,25.200000762939453,0,0.0
2026-03-26 01:00:00+08,24.0,0.0,25.0,0,0.0
2026-03-26 02:00:00+08,28.0,0.0,24.700000762939453,0,0.0
2026-03-26 03:00:00+08,14.0,0.0,24.549999237060547,0,0.0
2026-03-26 04:00:00+08,14.0,0.0,24.350000381469727,0,0.0
2026-03-26 05:00:00+08,16.0,0.0,24.25,0,0.0
2026-03-26 06:00:00+08,16.0,0.0,24.200000762939453,1,0.0866666666666666
2026-03-26 07:00:00+08,29.0,3600.0,25.350000381469727,1,1.2468333333333332
2026-03-26 08:00:00+08,26.0,3600.0,26.700000762939453,1,3.4296666666666664
2026-03-26 09:00:00+08,36.0,3600.0,27.649999618530277,1,3.558583333333333
2026-03-26 10:00:00+08,17.0,3600.0,28.799999237060547,1,4.9735
2026-03-26 11:00:00+08,14.0,3600.0,29.950000762939453,1,5.355916666666666
2026-03-26 12:00:00+08,17.0,3600.0,30.25,1,5.464083333333333
2026-03-26 13:00:00+08,16.0,3600.0,30.5,1,6.246083333333333
2026-03-26 14:00:00+08,18.0,3600.0,30.100000381469727,1,1.9265
2026-03-26 15:00:00+08,8.0,3600.0,30.049999237060547,1,2.67075
2026-03-26 16:00:00+08,6.0,3600.0,29.549999237060547,1,1.9233333333333331
2026-03-26 17:00:00+08,8.0,3600.0,28.149999618530277,1,0.4746666666666666
2026-03-26 18:00:00+08,5.0,3600.0,26.75,1,0.0
2026-03-26 19:00:00+08,5.0,0.0,26.0,0,0.0
2026-03-26 20:00:00+08,84.0,0.0,25.649999618530277,0,0.0
2026-03-26 21:00:00+08,68.0,0.0,25.549999237060547,0,0.0
2026-03-26 22:00:00+08,66.0,0.0,25.299999237060547,0,0.0
2026-03-26 23:00:00+08,63.0,0.0,25.049999237060547,0,0.0
2026-03-27 00:00:00+08,5.0,0.0,24.799999237060547,0,0.0
2026-03-27 01:00:00+08,3.0,0.0,24.5,0,0.0
2026-03-27 02:00:00+08,2.0,0.0,24.200000762939453,0,0.0
2026-03-27 03:00:00+08,3.0,0.0,23.899999618530277,0,0.0
2026-03-27 04:00:00+08,59.0,0.0,23.600000381469727,0,0.0
2026-03-27 05:00:00+08,68.0,0.0,23.200000762939453,0,0.0004166666666666
2026-03-27 06:00:00+08,90.0,0.0,22.799999237060547,1,0.1823333333333333
2026-03-27 07:00:00+08,89.0,3600.0,23.899999618530277,1,1.2674999999999998
2026-03-27 08:00:00+08,6.0,3600.0,25.5,1,3.169833333333333
2026-03-27 09:00:00+08,2.0,3600.0,27.399999618530277,1,4.63475
2026-03-27 10:00:00+08,0.0,3600.0,29.0,1,5.262
2026-03-27 11:00:00+08,0.0,3600.0,30.299999237060547,1,5.717083333333333
2026-03-27 12:00:00+08,5.0,3600.0,31.399999618530277,1,6.509833333333333
2026-03-27 13:00:00+08,1.0,3600.0,32.150001525878906,1,2.6765833333333333
2026-03-27 14:00:00+08,1.0,3600.0,31.350000381469727,1,1.075
2026-03-27 15:00:00+08,1.0,3600.0,31.25,1,0.7915833333333333
2026-03-27 16:00:00+08,3.0,3600.0,30.299999237060547,1,1.0615
2026-03-27 17:00:00+08,2.0,3600.0,28.799999237060547,1,0.4059999999999999
2026-03-27 18:00:00+08,3.0,3600.0,27.0,1,0.00025
2026-03-27 19:00:00+08,1.0,0.0,25.75,0,0.0
2026-03-27 20:00:00+08,1.0,0.0,25.450000762939453,0,0.0
2026-03-27 21:00:00+08,1.0,0.0,25.25,0,0.0
2026-03-27 22:00:00+08,0.0,0.0,25.0,0,0.0
2026-03-27 23:00:00+08,0.0,0.0,24.649999618530277,0,0.0
2026-03-28 00:00:00+08,0.0,0.0,24.350000381469727,0,0.0
2026-03-28 01:00:00+08,1.0,0.0,24.0,0,0.0
2026-03-28 02:00:00+08,87.0,0.0,23.75,0,0.0
2026-03-28 03:00:00+08,37.0,0.0,23.450000762939453,0,0.0
2026-03-28 04:00:00+08,15.0,0.0,23.200000762939453,0,0.0
2026-03-28 05:00:00+08,9.0,0.0,23.100000381469727,0,0.0005
2026-03-28 06:00:00+08,4.0,0.0,22.899999618530277,1,0.24275
2026-03-28 07:00:00+08,1.0,3600.0,24.25,1,1.3395
2026-03-28 08:00:00+08,0.0,3600.0,26.149999618530277,1,3.256
2026-03-28 09:00:00+08,18.0,3600.0,28.0,1,4.765666666666666
2026-03-28 10:00:00+08,7.0,3600.0,28.75,1,5.033333333333333
2026-03-28 11:00:00+08,19.0,3600.0,29.950000762939453,1,5.650916666666666
2026-03-28 12:00:00+08,13.0,3600.0,30.75,1,6.376083333333333
2026-03-28 13:00:00+08,41.0,3600.0,31.350000381469727,1,3.770833333333333
2026-03-28 14:00:00+08,59.0,3600.0,31.149999618530277,1,3.5381666666666667
2026-03-28 15:00:00+08,34.0,3600.0,31.100000381469727,1,1.8979166666666667
2026-03-28 16:00:00+08,75.0,3600.0,30.25,1,0.8947499999999999
2026-03-28 17:00:00+08,13.0,3600.0,29.049999237060547,1,0.38225
2026-03-28 18:00:00+08,8.0,3600.0,27.899999618530277,1,8.333333333333333e-05
2026-03-28 19:00:00+08,4.0,0.0,26.950000762939453,0,0.0
2026-03-28 20:00:00+08,2.0,0.0,26.850000381469727,0,0.0
2026-03-28 21:00:00+08,1.0,0.0,26.25,0,0.0
2026-03-28 22:00:00+08,0.0,0.0,25.549999237060547,0,0.0
2026-03-28 23:00:00+08,0.0,0.0,25.100000381469727,0,0.0
2026-03-29 00:00:00+08,0.0,0.0,24.75,0,0.0
2026-03-29 01:00:00+08,1.0,0.0,24.549999237060547,0,0.0
2026-03-29 02:00:00+08,0.0,0.0,24.350000381469727,0,0.0
2026-03-29 03:00:00+08,1.0,0.0,24.25,0,0.0
2026-03-29 04:00:00+08,1.0,0.0,24.049999237060547,0,0.0
2026-03-29 05:00:00+08,0.0,0.0,23.799999237060547,0,0.00075
2026-03-29 06:00:00+08,0.0,0.0,23.600000381469727,1,0.2935
2026-03-29 07:00:00+08,1.0,3600.0,24.899999618530277,1,1.3519166666666669
2026-03-29 08:00:00+08,3.0,3600.0,26.549999237060547,1,3.32175
2026-03-29 09:00:00+08,27.0,3600.0,28.399999618530277,1,3.3461666666666665
2026-03-29 10:00:00+08,20.0,3600.0,29.549999237060547,1,4.921
2026-03-29 11:00:00+08,19.0,3600.0,30.5,1,5.195166666666666
2026-03-29 12:00:00+08,12.0,3600.0,31.049999237060547,1,2.3976666666666664
2026-03-29 13:00:00+08,13.0,3600.0,31.350000381469727,1,0.9465
2026-03-29 14:00:00+08,6.0,3600.0,31.0,1,0.9044166666666666
2026-03-29 15:00:00+08,10.0,3600.0,30.75,1,0.86775
2026-03-29 16:00:00+08,5.0,3600.0,29.899999618530277,1,1.0041666666666669
2026-03-29 17:00:00+08,3.0,3600.0,28.899999618530277,1,0.3640833333333333
2026-03-29 18:00:00+08,2.0,3600.0,27.399999618530277,1,0.0
2026-03-29 19:00:00+08,0.0,0.0,26.399999618530277,0,0.0
2026-03-29 20:00:00+08,1.0,0.0,26.200000762939453,0,0.0
2026-03-29 21:00:00+08,0.0,0.0,26.149999618530277,0,0.0
2026-03-29 22:00:00+08,0.0,0.0,25.899999618530277,0,0.0
2026-03-29 23:00:00+08,1.0,0.0,25.5,0,0.0
2026-03-30 00:00:00+08,1.0,0.0,25.200000762939453,0,0.0
2026-03-30 01:00:00+08,3.0,0.0,25.049999237060547,0,0.0
2026-03-30 02:00:00+08,7.0,0.0,24.75,0,0.0
2026-03-30 03:00:00+08,5.0,0.0,24.649999618530277,0,0.0
2026-03-30 04:00:00+08,73.0,0.0,24.299999237060547,0,0.0
2026-03-30 05:00:00+08,82.0,0.0,24.100000381469727,0,0.001
2026-03-30 06:00:00+08,87.0,0.0,23.950000762939453,1,0.2825833333333333
2026-03-30 07:00:00+08,80.0,3600.0,25.200000762939453,1,1.3223333333333334
2026-03-30 08:00:00+08,84.0,3600.0,26.850000381469727,1,3.3301666666666665
2026-03-30 09:00:00+08,97.0,3600.0,28.100000381469727,1,4.3645
2026-03-30 10:00:00+08,91.0,3600.0,29.25,1,4.6345833333333335
2026-03-30 11:00:00+08,92.0,3600.0,30.299999237060547,1,4.88475
2026-03-30 12:00:00+08,47.0,3600.0,31.399999618530277,1,2.312
2026-03-30 13:00:00+08,71.0,3600.0,31.850000381469727,1,1.0981666666666667
2026-03-30 14:00:00+08,91.0,3600.0,31.5,1,1.7845
2026-03-30 15:00:00+08,90.0,3600.0,31.549999237060547,1,0.9579166666666666
2026-03-30 16:00:00+08,85.0,3600.0,31.0,1,0.8997499999999999
2026-03-30 17:00:00+08,48.0,3600.0,29.600000381469727,1,0.3535833333333333
2026-03-30 18:00:00+08,3.0,3600.0,27.75,1,0.0
2026-03-30 19:00:00+08,9.0,0.0,26.5,0,0.0
2026-03-30 20:00:00+08,2.0,0.0,25.950000762939453,0,0.0
2026-03-30 21:00:00+08,2.0,0.0,25.75,0,0.0
2026-03-30 22:00:00+08,3.0,0.0,25.549999237060547,0,0.0
2026-03-30 23:00:00+08,5.0,0.0,25.299999237060547,0,0.0
2026-04-01 00:00:00+08,95.0,0.0,24.649999618530277,0,0.0
2026-04-01 01:00:00+08,75.0,0.0,24.25,0,0.0
2026-04-01 02:00:00+08,88.0,0.0,23.950000762939453,0,0.0
2026-04-01 03:00:00+08,61.0,0.0,23.700000762939453,0,0.0
2026-04-01 04:00:00+08,22.0,0.0,23.5,0,0.0
2026-04-01 05:00:00+08,18.0,0.0,23.25,0,0.0013333333333333
2026-04-01 06:00:00+08,12.0,0.0,22.950000762939453,1,0.2094166666666666
2026-04-01 07:00:00+08,9.0,3600.0,24.0,1,1.1955833333333332
2026-04-01 08:00:00+08,4.0,3600.0,25.649999618530277,1,3.2830833333333334
2026-04-01 09:00:00+08,8.0,3600.0,27.350000381469727,1,4.73925
2026-04-01 10:00:00+08,6.0,3600.0,28.799999237060547,1,4.539
2026-04-01 11:00:00+08,19.0,3600.0,30.149999618530277,1,4.2415
2026-04-01 12:00:00+08,13.0,3600.0,30.600000381469727,1,1.3908333333333334
2026-04-01 13:00:00+08,20.0,3600.0,31.149999618530277,1,1.0115
2026-04-01 14:00:00+08,44.0,3600.0,31.399999618530277,1,1.1781666666666666
2026-04-01 15:00:00+08,100.0,3600.0,31.5,1,0.9691666666666666
2026-04-01 16:00:00+08,95.0,3600.0,30.700000762939453,1,1.30075
2026-04-01 17:00:00+08,18.0,3600.0,29.700000762939453,1,0.4580833333333333
2026-04-01 18:00:00+08,52.0,3600.0,28.0,1,8.333333333333333e-05
2026-04-01 19:00:00+08,76.0,0.0,26.75,0,0.0
2026-04-01 20:00:00+08,83.0,0.0,26.049999237060547,0,0.0
2026-04-01 21:00:00+08,16.0,0.0,25.700000762939453,0,0.0
2026-04-01 22:00:00+08,0.0,0.0,25.399999618530277,0,0.0
2026-04-01 23:00:00+08,0.0,0.0,25.100000381469727,0,0.0
2026-04-02 00:00:00+08,2.0,0.0,24.850000381469727,0,0.0
2026-04-02 01:00:00+08,6.0,0.0,24.600000381469727,0,0.0
2026-04-02 02:00:00+08,2.0,0.0,24.25,0,0.0
2026-04-02 03:00:00+08,3.0,0.0,23.950000762939453,0,0.0
2026-04-02 04:00:00+08,3.0,0.0,23.600000381469727,0,0.0
2026-04-02 05:00:00+08,1.0,0.0,23.25,0,0.0018333333333333
2026-04-02 06:00:00+08,4.0,0.0,23.100000381469727,1,0.1944166666666666
2026-04-02 07:00:00+08,0.0,3600.0,24.600000381469727,1,1.3856666666666666
2026-04-02 08:00:00+08,1.0,3600.0,26.200000762939453,1,3.845333333333333
2026-04-02 09:00:00+08,5.0,3600.0,27.5,1,4.428083333333333
2026-04-02 10:00:00+08,7.0,3600.0,29.049999237060547,1,4.4985
2026-04-02 11:00:00+08,5.0,3600.0,30.0,1,4.70775
2026-04-02 12:00:00+08,7.0,3600.0,30.649999618530277,1,3.8501666666666665
2026-04-02 13:00:00+08,5.0,3600.0,30.850000381469727,1,1.14225
2026-04-02 14:00:00+08,2.0,3600.0,30.899999618530277,1,1.1645
2026-04-02 15:00:00+08,2.0,3600.0,30.799999237060547,1,1.1758333333333333
2026-04-02 16:00:00+08,1.0,3600.0,30.149999618530277,1,1.1134166666666667
2026-04-02 17:00:00+08,0.0,3600.0,29.049999237060547,1,0.4526666666666666
2026-04-02 18:00:00+08,0.0,3600.0,27.549999237060547,1,0.0
2026-04-02 19:00:00+08,1.0,0.0,26.600000381469727,0,0.0
2026-04-02 20:00:00+08,0.0,0.0,26.299999237060547,0,0.0
2026-04-02 21:00:00+08,0.0,0.0,26.049999237060547,0,0.0
2026-04-02 22:00:00+08,0.0,0.0,25.850000381469727,0,0.0
2026-04-02 23:00:00+08,1.0,0.0,25.600000381469727,0,0.0
2026-04-03 00:00:00+08,1.0,0.0,25.25,0,0.0
2026-04-03 01:00:00+08,1.0,0.0,24.950000762939453,0,0.0
2026-04-03 02:00:00+08,7.0,0.0,24.600000381469727,0,0.0
2026-04-03 03:00:00+08,14.0,0.0,24.299999237060547,0,0.0
2026-04-03 04:00:00+08,16.0,0.0,24.049999237060547,0,0.0
2026-04-03 05:00:00+08,16.0,0.0,23.799999237060547,0,0.0010833333333333
2026-04-03 06:00:00+08,13.0,0.0,23.700000762939453,1,0.256
2026-04-03 07:00:00+08,11.0,3600.0,24.950000762939453,1,1.3186666666666669
2026-04-03 08:00:00+08,34.0,3600.0,26.700000762939453,1,3.920083333333333
2026-04-03 09:00:00+08,33.0,3600.0,28.200000762939453,1,4.670333333333333
2026-04-03 10:00:00+08,40.0,3600.0,29.399999618530277,1,4.601916666666667
2026-04-03 11:00:00+08,38.0,3600.0,30.450000762939453,1,4.874916666666667
2026-04-03 12:00:00+08,9.0,3600.0,31.0,1,1.0764166666666666
2026-04-03 13:00:00+08,8.0,3600.0,31.049999237060547,1,1.3515833333333334
2026-04-03 14:00:00+08,0.0,3600.0,30.700000762939453,1,1.0756666666666663
2026-04-03 15:00:00+08,0.0,3600.0,30.600000381469727,1,1.3998333333333333
2026-04-03 16:00:00+08,0.0,3600.0,30.049999237060547,1,1.3494166666666667
2026-04-03 17:00:00+08,1.0,3600.0,29.049999237060547,1,0.4451666666666666
2026-04-03 18:00:00+08,0.0,3600.0,27.5,1,0.0
2026-04-03 19:00:00+08,0.0,0.0,26.200000762939453,0,0.0
2026-04-03 20:00:00+08,0.0,0.0,25.799999237060547,0,0.0
2026-04-03 21:00:00+08,0.0,0.0,25.399999618530277,0,0.0
2026-04-03 22:00:00+08,0.0,0.0,25.100000381469727,0,0.0
2026-04-03 23:00:00+08,0.0,0.0,24.850000381469727,0,0.0
2026-04-04 00:00:00+08,0.0,0.0,24.600000381469727,0,0.0
2026-04-04 01:00:00+08,0.0,0.0,24.25,0,0.0
2026-04-04 02:00:00+08,0.0,0.0,23.549999237060547,0,0.0
2026-04-04 03:00:00+08,0.0,0.0,23.350000381469727,0,0.0
2026-04-04 04:00:00+08,0.0,0.0,23.049999237060547,0,0.0
2026-04-04 05:00:00+08,0.0,0.0,22.799999237060547,0,0.001
2026-04-04 06:00:00+08,2.0,0.0,22.549999237060547,1,0.19375
2026-04-04 07:00:00+08,0.0,3600.0,24.200000762939453,1,1.371
2026-04-04 08:00:00+08,0.0,3600.0,26.350000381469727,1,3.254
2026-04-04 09:00:00+08,0.0,3600.0,28.25,1,4.44625
2026-04-04 10:00:00+08,2.0,3600.0,29.649999618530277,1,4.6065
2026-04-04 11:00:00+08,5.0,3600.0,30.549999237060547,1,4.6771666666666665
2026-04-04 12:00:00+08,19.0,3600.0,31.25,1,1.8608333333333331
2026-04-04 13:00:00+08,8.0,3600.0,32.099998474121094,1,1.7105
2026-04-04 14:00:00+08,41.0,3600.0,32.29999923706055,1,3.937083333333333
2026-04-04 15:00:00+08,38.0,3600.0,32.95000076293945,1,2.4233333333333333
2026-04-04 16:00:00+08,12.0,3600.0,33.75,1,1.183
2026-04-04 17:00:00+08,2.0,3600.0,33.5,1,0.5103333333333333
2026-04-04 18:00:00+08,0.0,3600.0,31.350000381469727,1,0.0003333333333333
2026-04-04 19:00:00+08,0.0,0.0,29.600000381469727,0,0.0
2026-04-04 20:00:00+08,0.0,0.0,28.399999618530277,0,0.0
2026-04-04 21:00:00+08,0.0,0.0,27.649999618530277,0,0.0
2026-04-04 22:00:00+08,0.0,0.0,26.899999618530277,0,0.0
2026-04-04 23:00:00+08,0.0,0.0,26.149999618530277,0,0.0
2026-04-05 00:00:00+08,0.0,0.0,25.25,0,0.0
2026-04-05 01:00:00+08,0.0,0.0,24.399999618530277,0,0.0
2026-04-05 02:00:00+08,0.0,0.0,23.600000381469727,0,0.0
2026-04-05 03:00:00+08,2.0,0.0,22.899999618530277,0,0.0
2026-04-05 04:00:00+08,1.0,0.0,22.200000762939453,0,0.0
2026-04-05 05:00:00+08,2.0,0.0,21.75,0,0.0019166666666666
2026-04-05 06:00:00+08,9.0,0.0,21.700000762939453,1,0.2089166666666666
2026-04-05 07:00:00+08,6.0,3139.383056640625,23.950000762939453,1,1.259
2026-04-05 08:00:00+08,2.0,3600.0,25.950000762939453,1,3.245
2026-04-05 09:00:00+08,8.0,3600.0,28.200000762939453,1,4.687
2026-04-05 10:00:00+08,5.0,3600.0,29.799999237060547,1,5.113583333333334
2026-04-05 11:00:00+08,1.0,3600.0,31.149999618530277,1,5.530749999999999
2026-04-05 12:00:00+08,8.0,3600.0,32.25,1,6.007916666666667
2026-04-05 13:00:00+08,5.0,3600.0,33.0,1,6.279833333333333
2026-04-05 14:00:00+08,13.0,3600.0,32.599998474121094,1,2.325916666666666
2026-04-05 15:00:00+08,3.0,3600.0,32.349998474121094,1,2.70225
2026-04-05 16:00:00+08,0.0,3600.0,31.75,1,1.9551666666666665
2026-04-05 17:00:00+08,1.0,3600.0,31.25,1,0.3657499999999999
2026-04-05 18:00:00+08,2.0,3600.0,30.200000762939453,1,0.0
2026-04-05 19:00:00+08,11.0,0.0,29.049999237060547,0,0.0
2026-04-05 20:00:00+08,2.0,0.0,27.350000381469727,0,0.0
2026-04-05 21:00:00+08,6.0,0.0,26.75,0,0.0
2026-04-05 22:00:00+08,2.0,0.0,26.5,0,0.0
2026-04-05 23:00:00+08,1.0,0.0,26.049999237060547,0,0.0
2026-04-06 00:00:00+08,3.0,0.0,25.600000381469727,0,0.0
2026-04-06 01:00:00+08,1.0,0.0,25.25,0,0.0
2026-04-06 02:00:00+08,1.0,0.0,24.899999618530277,0,0.0
2026-04-06 03:00:00+08,3.0,0.0,24.75,0,0.0
2026-04-06 04:00:00+08,4.0,0.0,24.549999237060547,0,0.0
2026-04-06 05:00:00+08,18.0,0.0,24.25,0,0.0025
2026-04-06 06:00:00+08,17.0,0.0,23.899999618530277,1,0.2416666666666666
2026-04-06 07:00:00+08,46.0,3600.0,25.350000381469727,1,1.492
2026-04-06 08:00:00+08,86.0,3600.0,27.0,1,3.2659166666666666
2026-04-06 09:00:00+08,61.0,3600.0,28.700000762939453,1,4.653583333333333
2026-04-06 10:00:00+08,74.0,3600.0,30.200000762939453,1,5.42325
2026-04-06 11:00:00+08,89.0,3600.0,31.049999237060547,1,5.235916666666666
2026-04-06 12:00:00+08,100.0,3600.0,31.549999237060547,1,5.221333333333333
2026-04-06 13:00:00+08,89.0,3600.0,31.399999618530277,1,5.352833333333333
2026-04-06 14:00:00+08,2.0,3600.0,31.200000762939453,1,2.676333333333333
2026-04-06 15:00:00+08,5.0,3600.0,31.5,1,2.4209166666666664
2026-04-06 16:00:00+08,2.0,3600.0,30.899999618530277,1,1.9876666666666667
2026-04-06 17:00:00+08,1.0,3600.0,30.049999237060547,1,0.4095833333333333
2026-04-06 18:00:00+08,16.0,3600.0,28.600000381469727,1,8.333333333333333e-05
2026-04-06 19:00:00+08,28.0,0.0,27.549999237060547,0,0.0
2026-04-06 20:00:00+08,2.0,0.0,27.25,0,0.0
2026-04-06 21:00:00+08,0.0,0.0,26.950000762939453,0,0.0
2026-04-06 22:00:00+08,0.0,0.0,26.649999618530277,0,0.0
2026-04-06 23:00:00+08,0.0,0.0,26.25,0,0.0
2026-04-07 00:00:00+08,0.0,0.0,25.75,0,0.0
2026-04-07 01:00:00+08,0.0,0.0,25.450000762939453,0,0.0
2026-04-07 02:00:00+08,0.0,0.0,25.049999237060547,0,0.0
2026-04-07 03:00:00+08,55.0,0.0,24.899999618530277,0,0.0
2026-04-07 04:00:00+08,69.0,0.0,24.549999237060547,0,0.0
2026-04-07 05:00:00+08,16.0,0.0,24.200000762939453,0,0.00325
2026-04-07 06:00:00+08,13.0,0.0,23.799999237060547,1,0.2225
2026-04-07 07:00:00+08,20.0,3600.0,25.399999618530277,1,1.4733333333333334
2026-04-07 08:00:00+08,16.0,3600.0,27.0,1,3.3726666666666665
2026-04-07 09:00:00+08,26.0,3600.0,28.850000381469727,1,4.539499999999999
2026-04-07 10:00:00+08,23.0,3600.0,30.299999237060547,1,5.1365
2026-04-07 11:00:00+08,19.0,3600.0,31.399999618530277,1,5.19325
2026-04-07 12:00:00+08,11.0,3600.0,32.29999923706055,1,5.046833333333333
2026-04-07 13:00:00+08,3.0,3600.0,32.95000076293945,1,5.659166666666667
2026-04-07 14:00:00+08,3.0,3600.0,32.95000076293945,1,2.5370833333333334
2026-04-07 15:00:00+08,4.0,3600.0,33.70000076293945,1,2.28075
2026-04-07 16:00:00+08,4.0,3600.0,33.29999923706055,1,1.8641666666666663
2026-04-07 17:00:00+08,2.0,3600.0,33.0,1,0.2918333333333333
2026-04-07 18:00:00+08,5.0,3600.0,31.149999618530277,1,0.0
2026-04-07 19:00:00+08,10.0,0.0,29.950000762939453,0,0.0
2026-04-07 20:00:00+08,20.0,0.0,29.350000381469727,0,0.0
2026-04-07 21:00:00+08,4.0,0.0,29.100000381469727,0,0.0
2026-04-07 22:00:00+08,4.0,0.0,28.049999237060547,0,0.0
2026-04-07 23:00:00+08,0.0,0.0,26.700000762939453,0,0.0
2026-04-08 00:00:00+08,5.0,0.0,26.100000381469727,0,0.0
2026-04-08 01:00:00+08,7.0,0.0,25.700000762939453,0,0.0
2026-04-08 02:00:00+08,2.0,0.0,25.399999618530277,0,0.0
2026-04-08 03:00:00+08,9.0,0.0,25.25,0,0.0
2026-04-08 04:00:00+08,24.0,0.0,25.149999618530277,0,0.0
2026-04-08 05:00:00+08,66.0,0.0,25.0,0,0.0023333333333333
2026-04-08 06:00:00+08,60.0,0.0,24.649999618530277,1,0.2925833333333333
2026-04-08 07:00:00+08,73.0,3600.0,25.850000381469727,1,1.39675
2026-04-08 08:00:00+08,65.0,3600.0,26.899999618530277,1,3.314583333333333
2026-04-08 09:00:00+08,12.0,3600.0,28.5,1,4.54225
2026-04-08 10:00:00+08,19.0,3600.0,29.899999618530277,1,5.00625
2026-04-08 11:00:00+08,73.0,3600.0,30.950000762939453,1,5.329
2026-04-08 12:00:00+08,92.0,3600.0,31.950000762939453,1,6.041416666666667
2026-04-08 13:00:00+08,88.0,3600.0,32.25,1,6.511416666666666
2026-04-08 14:00:00+08,87.0,3600.0,32.099998474121094,1,4.479333333333333
2026-04-08 15:00:00+08,23.0,3600.0,32.20000076293945,1,2.4058333333333333
2026-04-08 16:00:00+08,5.0,3600.0,31.350000381469727,1,2.1373333333333333
2026-04-08 17:00:00+08,0.0,3600.0,30.25,1,0.4688333333333333
2026-04-08 18:00:00+08,0.0,3600.0,28.799999237060547,1,0.0
2026-04-08 19:00:00+08,0.0,0.0,27.450000762939453,0,0.0
2026-04-08 20:00:00+08,0.0,0.0,26.700000762939453,0,0.0
2026-04-08 21:00:00+08,0.0,0.0,26.350000381469727,0,0.0
2026-04-08 22:00:00+08,0.0,0.0,26.149999618530277,0,0.0
2026-04-08 23:00:00+08,0.0,0.0,25.899999618530277,0,0.0
2026-04-09 00:00:00+08,1.0,0.0,25.450000762939453,0,0.0
2026-04-09 01:00:00+08,1.0,0.0,25.200000762939453,0,0.0
2026-04-09 02:00:00+08,0.0,0.0,24.950000762939453,0,0.0
2026-04-09 03:00:00+08,0.0,0.0,24.799999237060547,0,0.0
2026-04-09 04:00:00+08,0.0,0.0,24.649999618530277,0,0.0
2026-04-09 05:00:00+08,2.0,0.0,24.549999237060547,0,0.0028333333333333
2026-04-09 06:00:00+08,4.0,0.0,24.5,1,0.2195
2026-04-09 07:00:00+08,28.0,3600.0,25.899999618530277,1,1.4241666666666666
2026-04-09 08:00:00+08,20.0,3600.0,27.100000381469727,1,3.099
2026-04-09 09:00:00+08,29.0,3600.0,28.600000381469727,1,5.081333333333333
2026-04-09 10:00:00+08,39.0,3600.0,30.049999237060547,1,5.6001666666666665
2026-04-09 11:00:00+08,23.0,3600.0,30.600000381469727,1,5.329083333333333
2026-04-09 12:00:00+08,21.0,3600.0,30.950000762939453,1,5.813833333333333
2026-04-09 13:00:00+08,20.0,3600.0,31.049999237060547,1,5.626
2026-04-09 14:00:00+08,16.0,3600.0,31.200000762939453,1,2.243583333333333
2026-04-09 15:00:00+08,11.0,3600.0,30.850000381469727,1,1.58825
2026-04-09 16:00:00+08,9.0,3600.0,30.049999237060547,1,1.0603333333333331
2026-04-09 17:00:00+08,9.0,3600.0,29.299999237060547,1,0.4786666666666666
2026-04-09 18:00:00+08,5.0,3600.0,28.049999237060547,1,0.0
2026-04-09 19:00:00+08,8.0,0.0,26.850000381469727,0,0.0
2026-04-09 20:00:00+08,16.0,0.0,26.700000762939453,0,0.0
2026-04-09 21:00:00+08,2.0,0.0,26.450000762939453,0,0.0
2026-04-09 22:00:00+08,10.0,0.0,26.299999237060547,0,0.0
2026-04-09 23:00:00+08,13.0,0.0,26.149999618530277,0,0.0
2026-04-10 00:00:00+08,2.0,0.0,25.950000762939453,0,0.0
2026-04-10 01:00:00+08,1.0,0.0,25.75,0,0.0
2026-04-10 02:00:00+08,0.0,0.0,25.399999618530277,0,0.0
2026-04-10 03:00:00+08,1.0,0.0,25.149999618530277,0,0.0
2026-04-10 04:00:00+08,0.0,0.0,24.950000762939453,0,0.0
2026-04-10 05:00:00+08,2.0,0.0,24.700000762939453,0,0.00225
2026-04-10 06:00:00+08,8.0,0.0,24.450000762939453,1,0.2125833333333333
2026-04-10 07:00:00+08,15.0,3600.0,26.049999237060547,1,1.4217499999999998
2026-04-10 08:00:00+08,13.0,3600.0,27.5,1,3.23925
2026-04-10 09:00:00+08,10.0,3600.0,28.799999237060547,1,4.387666666666666
2026-04-10 10:00:00+08,13.0,3600.0,30.149999618530277,1,5.121583333333334
2026-04-10 11:00:00+08,10.0,3600.0,31.700000762939453,1,5.696416666666667
2026-04-10 12:00:00+08,6.0,3600.0,32.54999923706055,1,5.65725
2026-04-10 13:00:00+08,9.0,3600.0,32.95000076293945,1,6.036833333333333
2026-04-10 14:00:00+08,16.0,3600.0,33.25,1,4.398083333333333
2026-04-10 15:00:00+08,29.0,3600.0,33.849998474121094,1,2.0290833333333333
2026-04-10 16:00:00+08,73.0,3600.0,33.5,1,1.586833333333333
2026-04-10 17:00:00+08,61.0,3600.0,32.54999923706055,1,0.304
2026-04-10 18:00:00+08,23.0,3600.0,31.5,1,0.0
2026-04-10 19:00:00+08,3.0,0.0,30.450000762939453,0,0.0
2026-04-10 20:00:00+08,21.0,0.0,29.850000381469727,0,0.0
2026-04-10 21:00:00+08,8.0,0.0,29.149999618530277,0,0.0
2026-04-10 22:00:00+08,5.0,0.0,28.25,0,0.0
2026-04-10 23:00:00+08,7.0,0.0,27.450000762939453,0,0.0
2026-04-11 00:00:00+08,34.0,0.0,26.75,0,0.0
2026-04-11 01:00:00+08,15.0,0.0,26.100000381469727,0,0.0
2026-04-11 02:00:00+08,33.0,0.0,25.549999237060547,0,0.0
2026-04-11 03:00:00+08,7.0,0.0,25.399999618530277,0,0.0
2026-04-11 04:00:00+08,13.0,0.0,25.049999237060547,0,0.0
2026-04-11 05:00:00+08,84.0,0.0,24.700000762939453,0,0.00475
2026-04-11 06:00:00+08,26.0,0.0,24.549999237060547,1,0.3153333333333333
2026-04-11 07:00:00+08,8.0,3600.0,26.299999237060547,1,1.4235833333333332
2026-04-11 08:00:00+08,52.0,3600.0,27.75,1,3.2534166666666664
2026-04-11 09:00:00+08,77.0,3600.0,29.149999618530277,1,4.410666666666667
2026-04-11 10:00:00+08,80.0,3600.0,30.549999237060547,1,5.18525
2026-04-11 11:00:00+08,34.0,3600.0,32.099998474121094,1,5.694416666666666
2026-04-11 12:00:00+08,23.0,3600.0,33.099998474121094,1,5.874083333333333
2026-04-11 13:00:00+08,0.0,3600.0,33.599998474121094,1,6.0304166666666665
2026-04-11 14:00:00+08,63.0,3600.0,33.29999923706055,1,5.227166666666666
2026-04-11 15:00:00+08,43.0,3600.0,33.150001525878906,1,3.755583333333333
2026-04-11 16:00:00+08,80.0,3600.0,31.950000762939453,1,1.87975
2026-04-11 17:00:00+08,84.0,3600.0,30.350000381469727,1,0.2198333333333333
2026-04-11 18:00:00+08,77.0,3600.0,28.450000762939453,1,0.0
2026-04-11 19:00:00+08,6.0,0.0,27.399999618530277,0,0.0
2026-04-11 20:00:00+08,5.0,0.0,27.399999618530277,0,0.0
2026-04-11 21:00:00+08,5.0,0.0,26.75,0,0.0
2026-04-11 22:00:00+08,2.0,0.0,26.200000762939453,0,0.0
2026-04-11 23:00:00+08,4.0,0.0,25.75,0,0.0
2026-04-12 00:00:00+08,14.0,0.0,25.5,0,0.0
2026-04-12 01:00:00+08,12.0,0.0,25.299999237060547,0,0.0
2026-04-12 02:00:00+08,4.0,0.0,24.950000762939453,0,0.0
2026-04-12 03:00:00+08,6.0,0.0,24.799999237060547,0,0.0
2026-04-12 04:00:00+08,7.0,0.0,24.600000381469727,0,0.0
2026-04-12 05:00:00+08,13.0,0.0,24.399999618530277,0,0.0024166666666666
2026-04-12 06:00:00+08,56.0,0.0,24.200000762939453,1,0.3284166666666666
2026-04-12 07:00:00+08,69.0,3600.0,25.600000381469727,1,1.4861666666666666
2026-04-12 08:00:00+08,9.0,3600.0,26.950000762939453,1,3.222833333333333
2026-04-12 09:00:00+08,23.0,3600.0,28.5,1,4.443583333333333
2026-04-12 10:00:00+08,5.0,3600.0,29.799999237060547,1,5.428583333333333
2026-04-12 11:00:00+08,0.0,3600.0,31.0,1,6.359333333333333
2026-04-12 12:00:00+08,19.0,3600.0,32.04999923706055,1,5.830916666666666
2026-04-12 13:00:00+08,9.0,3600.0,32.25,1,5.994083333333333
2026-04-12 14:00:00+08,4.0,3600.0,31.600000381469727,1,5.43525
2026-04-12 15:00:00+08,30.0,3600.0,31.600000381469727,1,3.8355
2026-04-12 16:00:00+08,50.0,3600.0,30.799999237060547,1,1.9690833333333333
2026-04-12 17:00:00+08,40.0,3600.0,29.600000381469727,1,0.3876666666666666
2026-04-12 18:00:00+08,23.0,3600.0,28.399999618530277,1,0.0
2026-04-12 19:00:00+08,1.0,0.0,27.5,0,0.0
2026-04-12 20:00:00+08,0.0,0.0,26.649999618530277,0,0.0
2026-04-12 21:00:00+08,4.0,0.0,26.549999237060547,0,0.0
2026-04-12 22:00:00+08,32.0,0.0,26.350000381469727,0,0.0
2026-04-12 23:00:00+08,33.0,0.0,26.0,0,0.0
2026-04-13 00:00:00+08,88.0,0.0,25.649999618530277,0,0.0
2026-04-13 01:00:00+08,91.0,0.0,25.450000762939453,0,0.0
2026-04-13 02:00:00+08,9.0,0.0,25.299999237060547,0,0.0
2026-04-13 03:00:00+08,12.0,0.0,25.200000762939453,0,0.0
2026-04-13 04:00:00+08,7.0,0.0,24.899999618530277,0,0.0
2026-04-13 05:00:00+08,6.0,0.0,24.600000381469727,0,0.0075833333333333
2026-04-13 06:00:00+08,8.0,0.0,24.399999618530277,1,0.2611666666666666
2026-04-13 07:00:00+08,6.0,3600.0,25.799999237060547,1,1.4978333333333331
2026-04-13 08:00:00+08,4.0,3600.0,27.25,1,3.2486666666666664
2026-04-13 09:00:00+08,17.0,3600.0,28.899999618530277,1,4.355333333333333
2026-04-13 10:00:00+08,24.0,3600.0,30.200000762939453,1,4.982916666666666
2026-04-13 11:00:00+08,33.0,3600.0,31.200000762939453,1,5.628666666666667
2026-04-13 12:00:00+08,13.0,3600.0,31.549999237060547,1,5.150916666666666
2026-04-13 13:00:00+08,10.0,3600.0,31.950000762939453,1,6.13575
2026-04-13 14:00:00+08,15.0,3600.0,31.549999237060547,1,3.9769166666666655
2026-04-13 15:00:00+08,38.0,3600.0,32.25,1,3.1573333333333333
2026-04-13 16:00:00+08,62.0,3600.0,32.0,1,2.041583333333333
2026-04-13 17:00:00+08,8.0,3600.0,30.75,1,0.39
2026-04-13 18:00:00+08,0.0,3600.0,29.0,1,0.0
2026-04-13 19:00:00+08,7.0,0.0,27.649999618530277,0,0.0
2026-04-13 20:00:00+08,14.0,0.0,27.450000762939453,0,0.0
2026-04-13 21:00:00+08,5.0,0.0,27.200000762939453,0,0.0
2026-04-13 22:00:00+08,0.0,0.0,26.850000381469727,0,0.0
2026-04-13 23:00:00+08,0.0,0.0,26.25,0,0.0
2026-04-14 00:00:00+08,4.0,0.0,25.600000381469727,0,0.0
2026-04-14 01:00:00+08,16.0,0.0,25.299999237060547,0,0.0
2026-04-14 02:00:00+08,42.0,0.0,25.0,0,0.0
2026-04-14 03:00:00+08,57.0,0.0,24.799999237060547,0,0.0
2026-04-14 04:00:00+08,31.0,0.0,24.649999618530277,0,0.0
2026-04-14 05:00:00+08,25.0,0.0,24.299999237060547,0,0.0054166666666666
2026-04-14 06:00:00+08,14.0,0.0,24.0,1,0.2611666666666666
2026-04-14 07:00:00+08,3.0,3600.0,25.799999237060547,1,1.1676666666666666
2026-04-14 08:00:00+08,0.0,3600.0,27.299999237060547,1,3.23175
2026-04-14 09:00:00+08,0.0,3600.0,28.700000762939453,1,4.314
2026-04-14 10:00:00+08,2.0,3600.0,30.100000381469727,1,4.975583333333333
2026-04-14 11:00:00+08,8.0,3600.0,31.299999237060547,1,5.393666666666666
2026-04-14 12:00:00+08,11.0,3600.0,31.899999618530277,1,5.90875
2026-04-14 13:00:00+08,11.0,3600.0,32.400001525878906,1,6.1675
2026-04-14 14:00:00+08,7.0,3600.0,32.45000076293945,1,5.450583333333333
2026-04-14 15:00:00+08,4.0,3600.0,32.5,1,2.9885
2026-04-14 16:00:00+08,0.0,3600.0,31.399999618530277,1,2.0189166666666667
2026-04-14 17:00:00+08,0.0,3600.0,30.0,1,0.3955833333333333
2026-04-14 18:00:00+08,0.0,3600.0,28.399999618530277,1,0.0004166666666666
2026-04-14 19:00:00+08,0.0,0.0,27.0,0,0.0
2026-04-14 20:00:00+08,0.0,0.0,26.25,0,0.0
2026-04-14 21:00:00+08,0.0,0.0,26.0,0,0.0
2026-04-14 22:00:00+08,0.0,0.0,25.75,0,0.0
2026-04-14 23:00:00+08,0.0,0.0,25.5,0,0.0
2026-04-15 00:00:00+08,4.0,0.0,25.25,0,0.0
2026-04-15 01:00:00+08,2.0,0.0,24.950000762939453,0,0.0
2026-04-15 02:00:00+08,2.0,0.0,24.5,0,0.0
2026-04-15 03:00:00+08,1.0,0.0,24.200000762939453,0,0.0
2026-04-15 04:00:00+08,2.0,0.0,23.75,0,0.0
2026-04-15 05:00:00+08,0.0,0.0,23.25,0,0.0080833333333333
2026-04-15 06:00:00+08,12.0,0.0,22.649999618530277,1,0.3550833333333333
2026-04-15 07:00:00+08,0.0,3600.0,24.25,1,1.3874166666666663
2026-04-15 08:00:00+08,0.0,3600.0,26.299999237060547,1,3.2666666666666666
2026-04-15 09:00:00+08,7.0,3600.0,27.899999618530277,1,4.319
2026-04-15 10:00:00+08,31.0,3600.0,29.350000381469727,1,5.025
2026-04-15 11:00:00+08,23.0,3600.0,30.149999618530277,1,5.6200833333333335
2026-04-15 12:00:00+08,41.0,3600.0,30.899999618530277,1,5.313916666666667
2026-04-15 13:00:00+08,9.0,3600.0,31.350000381469727,1,6.149
2026-04-15 14:00:00+08,5.0,3600.0,30.5,1,4.3165
2026-04-15 15:00:00+08,3.0,3600.0,31.049999237060547,1,3.0484166666666668
2026-04-15 16:00:00+08,2.0,3600.0,30.799999237060547,1,1.9154166666666663
2026-04-15 17:00:00+08,0.0,3600.0,30.100000381469727,1,0.4054166666666666
2026-04-15 18:00:00+08,2.0,3600.0,28.649999618530277,1,0.0001666666666666
2026-04-15 19:00:00+08,1.0,0.0,27.5,0,0.0
2026-04-15 20:00:00+08,0.0,0.0,27.350000381469727,0,0.0
2026-04-15 21:00:00+08,0.0,0.0,27.049999237060547,0,0.0
2026-04-15 22:00:00+08,0.0,0.0,26.549999237060547,0,0.0
2026-04-15 23:00:00+08,0.0,0.0,26.049999237060547,0,0.0
2026-04-16 00:00:00+08,0.0,0.0,25.549999237060547,0,0.0
2026-04-16 01:00:00+08,59.0,0.0,24.950000762939453,0,0.0
2026-04-16 02:00:00+08,67.0,0.0,24.549999237060547,0,0.0
2026-04-16 03:00:00+08,68.0,0.0,24.25,0,0.0
2026-04-16 04:00:00+08,52.0,0.0,23.850000381469727,0,0.0
2026-04-16 05:00:00+08,55.0,0.0,23.450000762939453,0,0.006
2026-04-16 06:00:00+08,61.0,0.0,23.149999618530277,1,0.24725
2026-04-16 07:00:00+08,62.0,3600.0,25.0,1,1.5001666666666666
2026-04-16 08:00:00+08,16.0,3600.0,27.149999618530277,1,3.11525
2026-04-16 09:00:00+08,52.0,3600.0,28.799999237060547,1,4.251166666666666
2026-04-16 10:00:00+08,88.0,3600.0,30.399999618530277,1,5.167833333333333
2026-04-16 11:00:00+08,91.0,3600.0,31.649999618530277,1,5.635416666666666
2026-04-16 12:00:00+08,88.0,3600.0,32.599998474121094,1,5.865916666666666
2026-04-16 13:00:00+08,91.0,3600.0,32.95000076293945,1,5.882333333333333
2026-04-16 14:00:00+08,89.0,3600.0,32.849998474121094,1,4.986083333333333
2026-04-16 15:00:00+08,42.0,3600.0,32.75,1,3.2549166666666665
2026-04-16 16:00:00+08,3.0,3600.0,32.04999923706055,1,1.1189166666666666
2026-04-16 17:00:00+08,5.0,3600.0,31.0,1,0.2803333333333333
2026-04-16 18:00:00+08,9.0,3600.0,29.549999237060547,1,0.0
2026-04-16 19:00:00+08,21.0,0.0,28.600000381469727,0,0.0
2026-04-16 20:00:00+08,7.0,0.0,28.200000762939453,0,0.0
2026-04-16 21:00:00+08,0.0,0.0,28.200000762939453,0,0.0
2026-04-16 22:00:00+08,0.0,0.0,27.75,0,0.0
2026-04-16 23:00:00+08,0.0,0.0,26.950000762939453,0,0.0
2026-04-17 00:00:00+08,1.0,0.0,26.25,0,0.0
2026-04-17 01:00:00+08,2.0,0.0,25.649999618530277,0,0.0
2026-04-17 02:00:00+08,1.0,0.0,24.899999618530277,0,0.0
2026-04-17 03:00:00+08,0.0,0.0,24.299999237060547,0,0.0
2026-04-17 04:00:00+08,0.0,0.0,23.399999618530277,0,0.0
2026-04-17 05:00:00+08,5.0,0.0,22.75,0,0.009
2026-04-17 06:00:00+08,20.0,0.0,22.25,1,0.3494166666666666
2026-04-17 07:00:00+08,1.0,3600.0,24.649999618530277,1,1.5198333333333334
2026-04-17 08:00:00+08,0.0,3600.0,27.200000762939453,1,3.111333333333333
2026-04-17 09:00:00+08,52.0,3600.0,29.350000381469727,1,4.409833333333333
2026-04-17 10:00:00+08,4.0,3600.0,30.600000381469727,1,4.94325
2026-04-17 11:00:00+08,9.0,3600.0,31.649999618530277,1,6.012583333333333
2026-04-17 12:00:00+08,8.0,3600.0,32.0,1,5.8853333333333335
2026-04-17 13:00:00+08,9.0,3600.0,31.700000762939453,1,5.93675
2026-04-17 14:00:00+08,11.0,3600.0,31.5,1,3.4259166666666667
2026-04-17 15:00:00+08,34.0,3600.0,31.600000381469727,1,3.1575
2026-04-17 16:00:00+08,34.0,3600.0,31.299999237060547,1,1.7895833333333333
2026-04-17 17:00:00+08,12.0,3600.0,30.299999237060547,1,0.3030833333333333
2026-04-17 18:00:00+08,8.0,3600.0,29.100000381469727,1,0.0
2026-04-17 19:00:00+08,1.0,0.0,28.0,0,0.0
2026-04-17 20:00:00+08,0.0,0.0,27.899999618530277,0,0.0
2026-04-17 21:00:00+08,0.0,0.0,27.649999618530277,0,0.0
2026-04-17 22:00:00+08,0.0,0.0,27.149999618530277,0,0.0
2026-04-17 23:00:00+08,0.0,0.0,26.600000381469727,0,0.0
2026-04-18 00:00:00+08,0.0,0.0,26.049999237060547,0,0.0
2026-04-18 01:00:00+08,3.0,0.0,25.5,0,0.0
2026-04-18 02:00:00+08,9.0,0.0,25.0,0,0.0
2026-04-18 03:00:00+08,10.0,0.0,24.649999618530277,0,0.0
2026-04-18 04:00:00+08,16.0,0.0,24.299999237060547,0,0.0
2026-04-18 05:00:00+08,14.0,0.0,24.049999237060547,0,0.0076666666666666
2026-04-18 06:00:00+08,9.0,0.0,24.049999237060547,1,0.3885
2026-04-18 07:00:00+08,2.0,3600.0,25.649999618530277,1,1.2620833333333332
2026-04-18 08:00:00+08,9.0,3600.0,27.399999618530277,1,3.0144166666666665
2026-04-18 09:00:00+08,6.0,3600.0,28.899999618530277,1,4.295083333333333
2026-04-18 10:00:00+08,18.0,3600.0,30.149999618530277,1,5.031
2026-04-18 11:00:00+08,24.0,3600.0,30.899999618530277,1,5.6113333333333335
2026-04-18 12:00:00+08,17.0,3600.0,31.600000381469727,1,5.717583333333333
2026-04-18 13:00:00+08,10.0,3600.0,32.0,1,5.756749999999999
2026-04-18 14:00:00+08,13.0,3600.0,31.649999618530277,1,4.8595
2026-04-18 15:00:00+08,14.0,3600.0,31.75,1,2.7029166666666664
2026-04-18 16:00:00+08,15.0,3600.0,31.100000381469727,1,1.6264166666666666
2026-04-18 17:00:00+08,13.0,3600.0,30.600000381469727,1,0.2131666666666666
2026-04-18 18:00:00+08,6.0,3600.0,29.149999618530277,1,0.0
2026-04-18 19:00:00+08,6.0,0.0,27.700000762939453,0,0.0
2026-04-18 20:00:00+08,5.0,0.0,27.600000381469727,0,0.0
2026-04-18 21:00:00+08,2.0,0.0,27.25,0,0.0
2026-04-18 22:00:00+08,2.0,0.0,26.799999237060547,0,0.0
2026-04-18 23:00:00+08,15.0,0.0,26.299999237060547,0,0.0
2026-04-19 00:00:00+08,18.0,0.0,25.950000762939453,0,0.0
2026-04-19 01:00:00+08,2.0,0.0,25.600000381469727,0,0.0
2026-04-19 02:00:00+08,11.0,0.0,25.350000381469727,0,0.0
2026-04-19 03:00:00+08,37.0,0.0,25.149999618530277,0,0.0
2026-04-19 04:00:00+08,70.0,0.0,24.899999618530277,0,0.0
2026-04-19 05:00:00+08,77.0,0.0,24.700000762939453,0,0.0084999999999999
2026-04-19 06:00:00+08,25.0,0.0,24.549999237060547,1,0.4015833333333333
2026-04-19 07:00:00+08,2.0,3600.0,26.350000381469727,1,1.3093333333333332
2026-04-19 08:00:00+08,15.0,3600.0,27.700000762939453,1,2.915583333333333
2026-04-19 09:00:00+08,12.0,3600.0,29.299999237060547,1,4.169833333333333
2026-04-19 10:00:00+08,16.0,3600.0,30.600000381469727,1,4.9705
2026-04-19 11:00:00+08,20.0,3600.0,31.149999618530277,1,5.81075
2026-04-19 12:00:00+08,28.0,3600.0,31.649999618530277,1,3.758583333333333
2026-04-19 13:00:00+08,11.0,3600.0,32.349998474121094,1,3.2974166666666664
2026-04-19 14:00:00+08,36.0,3600.0,31.899999618530277,1,2.497916666666667
2026-04-19 15:00:00+08,16.0,3600.0,31.200000762939453,1,2.48425
2026-04-19 16:00:00+08,16.0,3600.0,29.899999618530277,1,0.9751666666666666
2026-04-19 17:00:00+08,61.0,3600.0,29.850000381469727,1,0.0258333333333333
2026-04-19 18:00:00+08,58.0,3600.0,28.5,1,0.0
2026-04-19 19:00:00+08,45.0,0.0,27.549999237060547,0,0.0
2026-04-19 20:00:00+08,66.0,0.0,28.399999618530277,0,0.0
2026-04-19 21:00:00+08,17.0,0.0,27.950000762939453,0,0.0
2026-04-19 22:00:00+08,13.0,0.0,27.450000762939453,0,0.0
2026-04-19 23:00:00+08,22.0,0.0,26.899999618530277,0,0.0
2026-04-20 00:00:00+08,9.0,0.0,26.399999618530277,0,0.0
2026-04-20 01:00:00+08,13.0,0.0,26.0,0,0.0
2026-04-20 02:00:00+08,52.0,0.0,25.149999618530277,0,0.0
2026-04-20 03:00:00+08,89.0,0.0,25.399999618530277,0,0.0
2026-04-20 04:00:00+08,98.0,0.0,25.200000762939453,0,0.0
2026-04-20 05:00:00+08,84.0,0.0,25.100000381469727,0,0.008
2026-04-20 06:00:00+08,64.0,0.0,24.899999618530277,1,0.3825833333333333
2026-04-20 07:00:00+08,63.0,3600.0,26.549999237060547,1,1.0873333333333333
2026-04-20 08:00:00+08,68.0,3600.0,28.399999618530277,1,2.83925
2026-04-20 09:00:00+08,45.0,3600.0,29.649999618530277,1,4.240166666666666
2026-04-20 10:00:00+08,42.0,3600.0,30.600000381469727,1,4.985916666666666
2026-04-20 11:00:00+08,5.0,3600.0,31.649999618530277,1,6.04775
2026-04-20 12:00:00+08,5.0,3600.0,32.599998474121094,1,6.009083333333333
2026-04-20 13:00:00+08,20.0,3600.0,33.400001525878906,1,5.736833333333333
2026-04-20 14:00:00+08,27.0,3600.0,32.95000076293945,1,4.813
2026-04-20 15:00:00+08,25.0,3600.0,32.20000076293945,1,3.34575
2026-04-20 16:00:00+08,30.0,3600.0,31.450000762939453,1,1.6955
2026-04-20 17:00:00+08,10.0,3600.0,30.100000381469727,1,0.3360833333333333
2026-04-20 18:00:00+08,2.0,3600.0,28.649999618530277,1,8.333333333333333e-05
2026-04-20 19:00:00+08,2.0,0.0,27.549999237060547,0,0.0
2026-04-20 20:00:00+08,4.0,0.0,27.799999237060547,0,0.0
2026-04-20 21:00:00+08,0.0,0.0,27.600000381469727,0,0.0
2026-04-20 22:00:00+08,0.0,0.0,27.299999237060547,0,0.0
2026-04-20 23:00:00+08,0.0,0.0,27.0,0,0.0
2026-04-21 00:00:00+08,0.0,0.0,26.549999237060547,0,0.0
2026-04-21 01:00:00+08,3.0,0.0,25.899999618530277,0,0.0
2026-04-21 02:00:00+08,2.0,0.0,25.200000762939453,0,0.0
2026-04-21 03:00:00+08,59.0,0.0,25.0,0,0.0
2026-04-21 04:00:00+08,95.0,0.0,24.75,0,0.0
2026-04-21 05:00:00+08,92.0,0.0,24.649999618530277,0,0.008
2026-04-21 06:00:00+08,92.0,0.0,24.649999618530277,1,0.4283333333333333
2026-04-21 07:00:00+08,91.0,3600.0,25.899999618530277,1,1.1875833333333332
2026-04-21 08:00:00+08,80.0,3600.0,27.649999618530277,1,3.1545
2026-04-21 09:00:00+08,77.0,3600.0,29.149999618530277,1,4.2355833333333335
2026-04-21 10:00:00+08,48.0,3600.0,30.049999237060547,1,5.15025
2026-04-21 11:00:00+08,20.0,3600.0,30.950000762939453,1,5.426916666666666
2026-04-21 12:00:00+08,66.0,3600.0,31.549999237060547,1,5.490083333333333
2026-04-21 13:00:00+08,80.0,3600.0,31.899999618530277,1,5.845083333333333
2026-04-21 14:00:00+08,2.0,3600.0,31.299999237060547,1,4.452416666666666
2026-04-21 15:00:00+08,4.0,3600.0,31.350000381469727,1,2.95475
2026-04-21 16:00:00+08,2.0,3600.0,30.799999237060547,1,1.7985
2026-04-21 17:00:00+08,70.0,3600.0,29.649999618530277,1,0.37725
2026-04-21 18:00:00+08,95.0,3600.0,27.799999237060547,1,0.0
2026-04-21 19:00:00+08,6.0,0.0,26.950000762939453,0,0.0
2026-04-21 20:00:00+08,1.0,0.0,27.299999237060547,0,0.0
2026-04-21 21:00:00+08,1.0,0.0,27.049999237060547,0,0.0
2026-04-21 22:00:00+08,1.0,0.0,26.649999618530277,0,0.0
2026-04-21 23:00:00+08,1.0,0.0,26.25,0,0.0
2026-04-22 00:00:00+08,5.0,0.0,25.899999618530277,0,0.0
2026-04-22 01:00:00+08,4.0,0.0,25.700000762939453,0,0.0
2026-04-22 02:00:00+08,2.0,0.0,25.5,0,0.0
2026-04-22 03:00:00+08,0.0,0.0,25.350000381469727,0,0.0
2026-04-22 04:00:00+08,0.0,0.0,25.200000762939453,0,0.0
2026-04-22 05:00:00+08,0.0,0.0,25.0,0,0.0098333333333333
2026-04-22 06:00:00+08,0.0,0.0,25.049999237060547,1,0.3174166666666667
2026-04-22 07:00:00+08,0.0,3600.0,26.5,1,1.15625
2026-04-22 08:00:00+08,1.0,3600.0,28.100000381469727,1,3.452583333333333
2026-04-22 09:00:00+08,2.0,3600.0,29.700000762939453,1,4.673666666666667
2026-04-22 10:00:00+08,9.0,3600.0,30.899999618530277,1,5.18875
2026-04-22 11:00:00+08,16.0,3600.0,31.899999618530277,1,6.0289166666666665
2026-04-22 12:00:00+08,14.0,3600.0,32.04999923706055,1,5.937166666666666
2026-04-22 13:00:00+08,6.0,3600.0,32.150001525878906,1,5.81725
2026-04-22 14:00:00+08,5.0,3600.0,31.75,1,4.734999999999999
2026-04-22 15:00:00+08,9.0,3600.0,31.049999237060547,1,3.0201666666666664
2026-04-22 16:00:00+08,3.0,3600.0,30.399999618530277,1,1.80375
2026-04-22 17:00:00+08,1.0,3600.0,30.0,1,0.3676666666666666
2026-04-22 18:00:00+08,2.0,3600.0,29.0,1,8.333333333333333e-05
2026-04-22 19:00:00+08,0.0,0.0,28.0,0,0.0
2026-04-22 20:00:00+08,2.0,0.0,27.700000762939453,0,0.0
2026-04-22 21:00:00+08,2.0,0.0,27.450000762939453,0,0.0
2026-04-22 22:00:00+08,1.0,0.0,26.950000762939453,0,0.0
2026-04-22 23:00:00+08,1.0,0.0,26.399999618530277,0,0.0
2026-04-23 00:00:00+08,1.0,0.0,25.950000762939453,0,0.0
2026-04-23 01:00:00+08,2.0,0.0,25.649999618530277,0,0.0
2026-04-23 02:00:00+08,5.0,0.0,25.25,0,0.0
2026-04-23 03:00:00+08,6.0,0.0,25.200000762939453,0,0.0
2026-04-23 04:00:00+08,4.0,0.0,24.950000762939453,0,0.0
2026-04-23 05:00:00+08,2.0,0.0,24.700000762939453,0,0.0135
2026-04-23 06:00:00+08,2.0,0.0,24.5,1,0.3394999999999999
2026-04-23 07:00:00+08,0.0,3600.0,25.899999618530277,1,1.0448333333333333
2026-04-23 08:00:00+08,2.0,3600.0,27.950000762939453,1,2.921
2026-04-23 09:00:00+08,11.0,3600.0,29.299999237060547,1,4.2695
2026-04-23 10:00:00+08,17.0,3600.0,30.399999618530277,1,5.089
2026-04-23 11:00:00+08,27.0,3600.0,31.350000381469727,1,5.2935
2026-04-23 12:00:00+08,14.0,3600.0,32.20000076293945,1,5.93125
2026-04-23 13:00:00+08,73.0,3600.0,32.70000076293945,1,5.605166666666666
2026-04-23 14:00:00+08,66.0,3600.0,32.75,1,4.886
2026-04-23 15:00:00+08,20.0,3600.0,32.900001525878906,1,3.38775
2026-04-23 16:00:00+08,9.0,3600.0,32.29999923706055,1,1.7709166666666667
2026-04-23 17:00:00+08,3.0,3600.0,30.899999618530277,1,0.3631666666666666
2026-04-23 18:00:00+08,2.0,3600.0,29.549999237060547,1,0.0
2026-04-23 19:00:00+08,2.0,0.0,28.75,0,0.0
2026-04-23 20:00:00+08,5.0,0.0,28.549999237060547,0,0.0
2026-04-23 21:00:00+08,2.0,0.0,28.0,0,0.0
2026-04-23 22:00:00+08,1.0,0.0,27.350000381469727,0,0.0
2026-04-23 23:00:00+08,0.0,0.0,26.799999237060547,0,0.0
2026-04-24 00:00:00+08,0.0,0.0,26.100000381469727,0,0.0
2026-04-24 01:00:00+08,0.0,0.0,25.600000381469727,0,0.0
2026-04-24 02:00:00+08,0.0,0.0,25.149999618530277,0,0.0
2026-04-24 03:00:00+08,0.0,0.0,25.149999618530277,0,0.0
2026-04-24 04:00:00+08,0.0,0.0,24.899999618530277,0,0.0
2026-04-24 05:00:00+08,0.0,0.0,24.700000762939453,0,0.01325
2026-04-24 06:00:00+08,0.0,0.0,24.649999618530277,1,0.3210833333333333
2026-04-24 07:00:00+08,1.0,3600.0,26.5,1,1.1509166666666666
2026-04-24 08:00:00+08,0.0,3600.0,27.950000762939453,1,2.809083333333333
2026-04-24 09:00:00+08,0.0,3600.0,29.350000381469727,1,4.01575
2026-04-24 10:00:00+08,4.0,3600.0,30.850000381469727,1,5.184
2026-04-24 11:00:00+08,13.0,3600.0,31.950000762939453,1,5.707666666666666
2026-04-24 12:00:00+08,19.0,3600.0,32.599998474121094,1,5.73675
2026-04-24 13:00:00+08,5.0,3600.0,33.099998474121094,1,5.636916666666666
2026-04-24 14:00:00+08,19.0,3600.0,33.150001525878906,1,4.971333333333333
2026-04-24 15:00:00+08,9.0,3600.0,33.29999923706055,1,3.5748333333333333
2026-04-24 16:00:00+08,13.0,3600.0,32.5,1,1.8185
2026-04-24 17:00:00+08,13.0,3600.0,31.299999237060547,1,0.3414166666666666
2026-04-24 18:00:00+08,9.0,3600.0,29.600000381469727,1,0.0004166666666666
2026-04-24 19:00:00+08,2.0,0.0,28.25,0,0.0
2026-04-24 20:00:00+08,5.0,0.0,28.100000381469727,0,0.0
2026-04-24 21:00:00+08,5.0,0.0,27.649999618530277,0,0.0
2026-04-24 22:00:00+08,2.0,0.0,27.350000381469727,0,0.0
2026-04-24 23:00:00+08,0.0,0.0,27.049999237060547,0,0.0
2026-04-25 00:00:00+08,0.0,0.0,26.649999618530277,0,0.0
2026-04-25 01:00:00+08,1.0,0.0,26.399999618530277,0,0.0
2026-04-25 02:00:00+08,9.0,0.0,26.350000381469727,0,0.0
2026-04-25 03:00:00+08,21.0,0.0,26.200000762939453,0,0.0
2026-04-25 04:00:00+08,97.0,0.0,25.799999237060547,0,0.0
2026-04-25 05:00:00+08,80.0,0.0,25.600000381469727,0,0.0139166666666666
2026-04-25 06:00:00+08,74.0,0.0,25.399999618530277,1,0.3161666666666666
2026-04-25 07:00:00+08,5.0,3600.0,26.799999237060547,1,1.3263333333333334
2026-04-25 08:00:00+08,6.0,3600.0,28.299999237060547,1,3.1505
2026-04-25 09:00:00+08,7.0,3600.0,29.549999237060547,1,4.482333333333333
2026-04-25 10:00:00+08,11.0,3600.0,30.549999237060547,1,5.377666666666666
2026-04-25 11:00:00+08,6.0,3600.0,31.600000381469727,1,5.9078333333333335
2026-04-25 12:00:00+08,10.0,3600.0,32.349998474121094,1,5.663749999999999
2026-04-25 13:00:00+08,13.0,3600.0,32.5,1,6.05525
2026-04-25 14:00:00+08,16.0,3600.0,32.75,1,5.454666666666666
2026-04-25 15:00:00+08,13.0,3600.0,32.70000076293945,1,2.46025
2026-04-25 16:00:00+08,13.0,3600.0,31.75,1,1.7605833333333332
2026-04-25 17:00:00+08,33.0,3600.0,29.899999618530277,1,0.3598333333333333
2026-04-25 18:00:00+08,13.0,3600.0,28.75,1,8.333333333333333e-05
2026-04-25 19:00:00+08,5.0,0.0,27.899999618530277,0,0.0
2026-04-25 20:00:00+08,16.0,0.0,28.25,0,0.0
2026-04-25 21:00:00+08,5.0,0.0,27.950000762939453,0,0.0
2026-04-25 22:00:00+08,2.0,0.0,27.450000762939453,0,0.0
2026-04-25 23:00:00+08,4.0,0.0,27.100000381469727,0,0.0
2026-04-26 00:00:00+08,1.0,0.0,26.850000381469727,0,0.0
2026-04-26 01:00:00+08,5.0,0.0,26.549999237060547,0,0.0
2026-04-26 02:00:00+08,70.0,0.0,26.149999618530277,0,0.0
2026-04-26 03:00:00+08,94.0,0.0,26.049999237060547,0,0.0
2026-04-26 04:00:00+08,100.0,0.0,25.75,0,0.0
2026-04-26 05:00:00+08,99.0,0.0,25.600000381469727,0,0.009
2026-04-26 06:00:00+08,99.0,0.0,25.299999237060547,1,0.3686666666666666
2026-04-26 07:00:00+08,98.0,3600.0,26.549999237060547,1,1.6739166666666667
2026-04-26 08:00:00+08,93.0,3600.0,28.049999237060547,1,3.437333333333333
2026-04-26 09:00:00+08,91.0,3600.0,29.200000762939453,1,4.458833333333333
2026-04-26 10:00:00+08,85.0,3600.0,30.549999237060547,1,5.633916666666667
2026-04-26 11:00:00+08,98.0,3600.0,32.0,1,5.9625
2026-04-26 12:00:00+08,96.0,3600.0,33.04999923706055,1,5.722833333333333
2026-04-26 13:00:00+08,95.0,3600.0,33.70000076293945,1,5.884333333333333
2026-04-26 14:00:00+08,93.0,3600.0,33.5,1,4.258666666666667
2026-04-26 15:00:00+08,42.0,3600.0,33.45000076293945,1,2.342583333333333
2026-04-26 16:00:00+08,19.0,3600.0,32.20000076293945,1,1.850666666666667
2026-04-26 17:00:00+08,13.0,3600.0,31.0,1,0.3906666666666666
2026-04-26 18:00:00+08,10.0,3600.0,29.450000762939453,1,0.0003333333333333
2026-04-26 19:00:00+08,10.0,0.0,28.399999618530277,0,0.0
2026-04-26 20:00:00+08,13.0,0.0,28.100000381469727,0,0.0
2026-04-26 21:00:00+08,9.0,0.0,27.649999618530277,0,0.0
2026-04-26 22:00:00+08,1.0,0.0,26.899999618530277,0,0.0
2026-04-26 23:00:00+08,2.0,0.0,26.399999618530277,0,0.0
2026-04-27 00:00:00+08,80.0,0.0,26.149999618530277,0,0.0
2026-04-27 01:00:00+08,32.0,0.0,26.100000381469727,0,0.0
2026-04-27 02:00:00+08,16.0,0.0,26.049999237060547,0,0.0
2026-04-27 03:00:00+08,40.0,0.0,25.75,0,0.0
2026-04-27 04:00:00+08,97.0,0.0,25.350000381469727,0,0.0
2026-04-27 05:00:00+08,94.0,0.0,25.149999618530277,0,0.0114166666666666
2026-04-27 06:00:00+08,17.0,0.0,25.149999618530277,1,0.2035
2026-04-27 07:00:00+08,30.0,3600.0,26.549999237060547,1,1.1381666666666663
2026-04-27 08:00:00+08,5.0,3600.0,28.149999618530277,1,3.079916666666666
2026-04-27 09:00:00+08,18.0,3600.0,29.399999618530277,1,3.855333333333333
2026-04-27 10:00:00+08,60.0,3600.0,31.049999237060547,1,4.935083333333333
2026-04-27 11:00:00+08,24.0,3600.0,31.5,1,5.997
2026-04-27 12:00:00+08,38.0,3600.0,31.450000762939453,1,6.315666666666666
2026-04-27 13:00:00+08,54.0,3600.0,30.850000381469727,1,6.417916666666667
2026-04-27 14:00:00+08,43.0,3600.0,31.75,1,4.457583333333333
2026-04-27 15:00:00+08,76.0,3600.0,31.399999618530277,1,2.576833333333333
2026-04-27 16:00:00+08,84.0,3600.0,30.149999618530277,1,1.89125
2026-04-27 17:00:00+08,48.0,3600.0,29.549999237060547,1,0.4267499999999999
2026-04-27 18:00:00+08,100.0,3600.0,28.25,1,0.0003333333333333
2026-04-27 19:00:00+08,99.0,0.0,27.299999237060547,0,0.0
2026-04-27 20:00:00+08,98.0,0.0,27.899999618530277,0,0.0
2026-04-27 21:00:00+08,100.0,0.0,27.950000762939453,0,0.0
2026-04-27 22:00:00+08,86.0,0.0,27.299999237060547,0,0.0
2026-04-27 23:00:00+08,1.0,0.0,27.0,0,0.0
2026-04-28 00:00:00+08,11.0,0.0,26.799999237060547,0,0.0
2026-04-28 01:00:00+08,15.0,0.0,26.600000381469727,0,0.0
2026-04-28 02:00:00+08,13.0,0.0,26.399999618530277,0,0.0
2026-04-28 03:00:00+08,14.0,0.0,26.100000381469727,0,0.0
2026-04-28 04:00:00+08,12.0,0.0,25.850000381469727,0,0.0
2026-04-28 05:00:00+08,26.0,0.0,25.75,0,0.0105833333333333
2026-04-28 06:00:00+08,11.0,0.0,25.850000381469727,1,0.28775
2026-04-28 07:00:00+08,9.0,3600.0,27.049999237060547,1,1.5996666666666666
2026-04-28 08:00:00+08,50.0,3600.0,28.350000381469727,1,3.018333333333333
2026-04-28 09:00:00+08,79.0,3600.0,29.700000762939453,1,4.901666666666666
2026-04-28 10:00:00+08,34.0,3600.0,30.450000762939453,1,4.6985
2026-04-28 11:00:00+08,73.0,3600.0,31.75,1,3.5778333333333334
2026-04-28 12:00:00+08,100.0,3600.0,30.899999618530277,1,3.229083333333333
2026-04-28 13:00:00+08,91.0,3600.0,30.200000762939453,1,5.372416666666666
2026-04-28 14:00:00+08,32.0,3600.0,32.150001525878906,1,5.19325
2026-04-28 15:00:00+08,88.0,3600.0,31.75,1,3.5751666666666666
2026-04-28 16:00:00+08,97.0,3600.0,29.100000381469727,1,1.155166666666667
2026-04-28 17:00:00+08,100.0,3600.0,29.299999237060547,1,0.2268333333333333
2026-04-28 18:00:00+08,100.0,3600.0,28.25,1,0.0
2026-04-28 19:00:00+08,99.0,0.0,26.600000381469727,0,0.0
2026-04-28 20:00:00+08,95.0,0.0,27.450000762939453,0,0.0
2026-04-28 21:00:00+08,93.0,0.0,27.350000381469727,0,0.0
2026-04-28 22:00:00+08,28.0,0.0,27.149999618530277,0,0.0
2026-04-28 23:00:00+08,69.0,0.0,27.100000381469727,0,0.0
2026-04-29 00:00:00+08,91.0,0.0,27.049999237060547,0,0.0
2026-04-29 01:00:00+08,87.0,0.0,26.600000381469727,0,0.0
2026-04-29 02:00:00+08,99.0,0.0,23.850000381469727,0,0.0
2026-04-29 03:00:00+08,93.0,0.0,23.649999618530277,0,0.0
2026-04-29 04:00:00+08,96.0,0.0,23.899999618530277,0,0.0
2026-04-29 05:00:00+08,76.0,0.0,24.149999618530277,0,0.0055
2026-04-29 06:00:00+08,55.0,0.0,23.950000762939453,1,0.3280833333333333
2026-04-29 07:00:00+08,18.0,3600.0,24.899999618530277,1,1.3678333333333332
2026-04-29 08:00:00+08,14.0,3600.0,28.149999618530277,1,3.1365833333333333
2026-04-29 09:00:00+08,19.0,3600.0,29.649999618530277,1,4.196083333333333
2026-04-29 10:00:00+08,32.0,3600.0,30.5,1,5.20425
2026-04-29 11:00:00+08,20.0,3600.0,31.200000762939453,1,5.64
2026-04-29 12:00:00+08,38.0,3600.0,32.5,1,5.737333333333333
2026-04-29 13:00:00+08,99.0,3600.0,33.099998474121094,1,5.246166666666666
2026-04-29 14:00:00+08,84.0,3600.0,32.70000076293945,1,4.558333333333334
2026-04-29 15:00:00+08,60.0,3600.0,32.54999923706055,1,3.698583333333333
2026-04-29 16:00:00+08,95.0,3600.0,32.25,1,1.8574166666666665
2026-04-29 17:00:00+08,100.0,3600.0,31.350000381469727,1,0.3994999999999999
2026-04-29 18:00:00+08,100.0,3600.0,29.549999237060547,1,0.0003333333333333
2026-04-29 19:00:00+08,91.0,0.0,28.299999237060547,0,0.0
2026-04-29 20:00:00+08,30.0,0.0,28.299999237060547,0,0.0
2026-04-29 21:00:00+08,16.0,0.0,28.149999618530277,0,0.0
2026-04-29 22:00:00+08,5.0,0.0,27.600000381469727,0,0.0
2026-04-29 23:00:00+08,98.0,0.0,27.149999618530277,0,0.0
2026-04-30 00:00:00+08,82.0,0.0,26.850000381469727,0,0.0
2026-04-30 01:00:00+08,18.0,0.0,26.700000762939453,0,0.0
2026-04-30 02:00:00+08,12.0,0.0,26.399999618530277,0,0.0
2026-04-30 03:00:00+08,20.0,0.0,26.200000762939453,0,0.0
2026-04-30 04:00:00+08,65.0,0.0,25.950000762939453,0,0.0
2026-04-30 05:00:00+08,36.0,0.0,25.799999237060547,0,0.007
2026-04-30 06:00:00+08,63.0,0.0,25.850000381469727,1,0.1986666666666666
2026-04-30 07:00:00+08,84.0,3600.0,27.149999618530277,1,1.0563333333333331
2026-04-30 08:00:00+08,80.0,3600.0,28.600000381469727,1,2.721833333333333
2026-04-30 09:00:00+08,95.0,3600.0,29.950000762939453,1,3.8734166666666665
2026-04-30 10:00:00+08,98.0,3600.0,31.100000381469727,1,4.939416666666666
2026-04-30 11:00:00+08,100.0,3600.0,32.29999923706055,1,5.657666666666667
2026-04-30 12:00:00+08,98.0,3600.0,32.95000076293945,1,5.65875
2026-04-30 13:00:00+08,98.0,3600.0,33.349998474121094,1,6.266166666666667
2026-04-30 14:00:00+08,90.0,3600.0,33.349998474121094,1,5.016583333333333
2026-04-30 15:00:00+08,21.0,3600.0,32.79999923706055,1,2.8479166666666664
2026-04-30 16:00:00+08,23.0,3600.0,32.29999923706055,1,1.8908333333333331
2026-04-30 17:00:00+08,1.0,3600.0,30.950000762939453,1,0.3916666666666666
2026-04-30 18:00:00+08,9.0,3600.0,29.100000381469727,1,0.00025
2026-04-30 19:00:00+08,13.0,0.0,28.299999237060547,0,0.0
2026-04-30 20:00:00+08,36.0,0.0,27.950000762939453,0,0.0
2026-04-30 21:00:00+08,0.0,0.0,27.799999237060547,0,0.0
2026-04-30 22:00:00+08,0.0,0.0,27.600000381469727,0,0.0
2026-04-30 23:00:00+08,59.0,0.0,27.149999618530277,0,0.0
2026-05-01 00:00:00+08,61.0,0.0,26.700000762939453,0,0.0
2026-05-01 01:00:00+08,38.0,0.0,26.549999237060547,0,0.0
2026-05-01 02:00:00+08,86.0,0.0,26.450000762939453,0,0.0
2026-05-01 03:00:00+08,57.0,0.0,26.100000381469727,0,0.0
2026-05-01 04:00:00+08,20.0,0.0,25.649999618530277,0,0.0
2026-05-01 05:00:00+08,16.0,0.0,25.399999618530277,0,0.00075
2026-05-01 06:00:00+08,27.0,0.0,25.549999237060547,1,0.3069166666666666
2026-05-01 07:00:00+08,48.0,3600.0,26.799999237060547,1,2.020583333333333
2026-05-01 08:00:00+08,90.0,3600.0,28.049999237060547,1,3.488583333333333
2026-05-01 09:00:00+08,82.0,3600.0,29.5,1,4.534083333333333
2026-05-01 10:00:00+08,40.0,3600.0,30.799999237060547,1,5.6315
2026-05-01 11:00:00+08,13.0,3600.0,32.04999923706055,1,6.597833333333333
2026-05-01 12:00:00+08,5.0,3600.0,32.29999923706055,1,5.5953333333333335
2026-05-01 13:00:00+08,6.0,3600.0,32.900001525878906,1,5.637083333333333
2026-05-01 14:00:00+08,2.0,3600.0,33.04999923706055,1,4.957666666666666
2026-05-01 15:00:00+08,5.0,3600.0,33.25,1,3.683083333333333
2026-05-01 16:00:00+08,5.0,3600.0,32.45000076293945,1,1.784
2026-05-01 17:00:00+08,11.0,3600.0,31.299999237060547,1,0.408
2026-05-01 18:00:00+08,3.0,3600.0,29.649999618530277,1,0.0001666666666666
2026-05-01 19:00:00+08,2.0,0.0,28.549999237060547,0,0.0
2026-05-01 20:00:00+08,3.0,0.0,28.100000381469727,0,0.0
2026-05-01 21:00:00+08,3.0,0.0,27.799999237060547,0,0.0
2026-05-01 22:00:00+08,39.0,0.0,27.450000762939453,0,0.0
2026-05-01 23:00:00+08,30.0,0.0,27.100000381469727,0,0.0
2026-05-02 00:00:00+08,3.0,0.0,27.450000762939453,0,0.0
2026-05-02 01:00:00+08,2.0,0.0,27.100000381469727,0,0.0
2026-05-02 02:00:00+08,8.0,0.0,27.149999618530277,0,0.0
2026-05-02 03:00:00+08,13.0,0.0,27.049999237060547,0,0.0
2026-05-02 04:00:00+08,65.0,0.0,26.850000381469727,0,0.0
2026-05-02 05:00:00+08,96.0,0.0,26.75,0,0.0121666666666666
2026-05-02 06:00:00+08,98.0,36.36515426635742,26.549999237060547,1,0.289
2026-05-02 07:00:00+08,93.0,3600.0,27.25,1,1.68225
2026-05-02 08:00:00+08,94.0,3600.0,28.399999618530277,1,3.3783333333333334
2026-05-02 09:00:00+08,13.0,3600.0,29.649999618530277,1,4.560083333333333
2026-05-02 10:00:00+08,16.0,3600.0,31.049999237060547,1,5.35325
2026-05-02 11:00:00+08,16.0,3600.0,31.950000762939453,1,6.473083333333333
2026-05-02 12:00:00+08,32.0,3600.0,32.54999923706055,1,5.8349166666666665
2026-05-02 13:00:00+08,28.0,3600.0,32.5,1,5.8275
2026-05-02 14:00:00+08,38.0,3600.0,32.20000076293945,1,5.038583333333333
2026-05-02 15:00:00+08,90.0,3600.0,31.950000762939453,1,3.3238333333333334
2026-05-02 16:00:00+08,95.0,3600.0,31.450000762939453,1,2.034
2026-05-02 17:00:00+08,100.0,3600.0,30.149999618530277,1,0.4445
2026-05-02 18:00:00+08,93.0,3600.0,29.100000381469727,1,0.0
2026-05-02 19:00:00+08,89.0,0.0,27.950000762939453,0,0.0
2026-05-02 20:00:00+08,14.0,0.0,27.899999618530277,0,0.0
2026-05-02 21:00:00+08,2.0,0.0,27.899999618530277,0,0.0
2026-05-02 22:00:00+08,0.0,0.0,27.700000762939453,0,0.0
2026-05-02 23:00:00+08,0.0,0.0,27.600000381469727,0,0.0
